measure,hu33_samples,notes_ticks
0.000000,0,0
0.020000,441,19
0.040000,882,38
0.060000,1323,58
0.080000,1764,77
0.100000,2205,96
0.120000,2646,115
0.140000,3087,134
0.160000,3528,154
0.180000,3969,173
0.200000,4410,192
0.220000,4851,211
0.240000,5292,230
0.260000,5733,250
0.280000,6174,269
0.300000,6615,288
0.320000,7056,307
0.340000,7497,326
0.360000,7938,346
0.380000,8379,365
0.400000,8820,384
0.420000,9261,403
0.440000,9702,422
0.460000,10143,442
0.480000,10584,461
0.500000,11025,480
0.520000,11466,499
0.540000,11907,518
0.560000,12348,538
0.580000,12789,557
0.600000,13230,576
0.620000,13671,595
0.640000,14112,614
0.660000,14553,634
0.680000,14994,653
0.700000,15435,672
0.720000,15876,691
0.740000,16317,710
0.760000,16758,730
0.780000,17199,749
0.800000,17640,768
0.820000,18081,787
0.840000,18522,806
0.860000,18963,826
0.880000,19404,845
0.900000,19845,864
0.920000,20286,883
0.940000,20727,902
0.960000,21168,922
0.980000,21609,941
0.990000,22050,950
1.000000,22491,960
1.005000,22932,979
1.010000,23373,998
1.015000,23814,1018
1.020000,24255,1037
1.025000,24696,1056
1.030000,25137,1075
1.035000,25578,1094
1.040000,26019,1114
1.045000,26460,1133
1.050000,26901,1152
1.055000,27342,1171
1.060000,27783,1190
1.065000,28224,1210
1.070000,28665,1229
1.075000,29106,1248
1.080000,29547,1267
1.085000,29988,1286
1.090000,30429,1306
1.095000,30870,1325
1.100000,31311,1344
1.105000,31752,1363
1.110000,32193,1382
1.115000,32634,1402
1.120000,33075,1421
1.125000,33516,1440
1.130000,33957,1459
1.135000,34398,1478
1.215000,34839,1786
1.220000,35280,1805
1.225000,35721,1824
1.230000,36162,1843
1.235000,36603,1862
1.240000,37044,1882
1.245000,37485,1901
1.250000,37926,1920
1.255000,38367,1939
1.260000,38808,1958
1.265000,39249,1978
1.270000,39690,1997
1.275000,40131,2016
1.280000,40572,2035
1.285000,41013,2054
1.290000,41454,2074
1.295000,41895,2093
1.300000,42336,2112
1.305000,42777,2131
1.310000,43218,2150
1.315000,43659,2170
1.320000,44100,2189
1.325000,44541,2208
1.330000,44982,2227
1.335000,45423,2246
1.340000,45864,2266
1.345000,46305,2285
1.350000,46746,2304
1.355000,47187,2323
1.360000,47628,2342
1.365000,48069,2362
1.370000,48510,2381
1.375000,48951,2400
1.380000,49392,2419
1.385000,49833,2438
1.390000,50274,2458
1.395000,50715,2477
1.400000,51156,2496
1.405000,51597,2515
1.410000,52038,2534
1.415000,52479,2554
1.635000,52920,3398
1.640000,53361,3418
1.645000,53802,3437
1.650000,54243,3456
1.655000,54684,3475
1.660000,55125,3494
1.665000,55566,3514
1.670000,56007,3533
1.675000,56448,3552
1.680000,56889,3571
1.685000,57330,3590
1.690000,57771,3610
1.695000,58212,3629
1.700000,58653,3648
1.705000,59094,3667
1.710000,59535,3686
1.715000,59976,3706
1.720000,60417,3725
1.725000,60858,3744
1.730000,61299,3763
1.735000,61740,3782
1.740000,62181,3802
1.745000,62622,3821
1.750000,63063,3840
1.755000,63504,3859
1.760000,63945,3878
1.765000,64386,3898
1.770000,64827,3917
1.775000,65268,3936
1.780000,65709,3955
1.785000,66150,3974
1.790000,66591,3994
1.795000,67032,4013
1.800000,67473,4032
1.805000,67914,4051
1.810000,68355,4070
1.815000,68796,4090
1.820000,69237,4109
1.825000,69678,4128
1.830000,70119,4147
1.835000,70560,4166
1.840000,71001,4186
1.845000,71442,4205
1.850000,71883,4224
1.855000,72324,4243
1.860000,72765,4262
1.865000,73206,4282
1.870000,73647,4301
1.875000,74088,4320
1.880000,74529,4339
1.885000,74970,4358
1.890000,75411,4378
1.895000,75852,4397
1.900000,76293,4416
1.905000,76734,4435
1.995000,77175,4781
2.000000,77616,4800
2.005000,78057,4819
2.010000,78498,4838
2.015000,78939,4858
2.020000,79380,4877
2.025000,79821,4896
2.030000,80262,4915
2.035000,80703,4934
2.040000,81144,4954
2.045000,81585,4973
2.050000,82026,4992
2.055000,82467,5011
2.060000,82908,5030
2.065000,83349,5050
2.070000,83790,5069
2.075000,84231,5088
2.080000,84672,5107
2.085000,85113,5126
2.090000,85554,5146
2.095000,85995,5165
2.100000,86436,5184
2.105000,86877,5203
2.200000,87318,5568
2.205000,87759,5587
2.210000,88200,5606
2.215000,88641,5626
2.220000,89082,5645
2.225000,89523,5664
2.230000,89964,5683
2.235000,90405,5702
2.240000,90846,5722
2.245000,91287,5741
2.250000,91728,5760
2.255000,92169,5779
2.260000,92610,5798
2.265000,93051,5818
2.270000,93492,5837
2.275000,93933,5856
2.280000,94374,5875
2.285000,94815,5894
2.290000,95256,5914
2.295000,95697,5933
2.300000,96138,5952
2.305000,96579,5971
2.310000,97020,5990
2.315000,97461,6010
2.320000,97902,6029
2.325000,98343,6048
2.330000,98784,6067
2.335000,99225,6086
2.340000,99666,6106
2.345000,100107,6125
2.350000,100548,6144
2.355000,100989,6163
2.360000,101430,6182
2.365000,101871,6202
2.370000,102312,6221
2.375000,102753,6240
2.380000,103194,6259
2.385000,103635,6278
2.390000,104076,6298
2.395000,104517,6317
2.400000,104958,6336
2.405000,105399,6355
2.410000,105840,6374
2.415000,106281,6394
2.420000,106722,6413
2.425000,107163,6432
2.430000,107604,6451
2.435000,108045,6470
2.440000,108486,6490
2.445000,108927,6509
2.450000,109368,6528
2.455000,109809,6547
2.460000,110250,6566
2.465000,110691,6586
2.470000,111132,6605
2.475000,111573,6624
2.685000,112014,7430
2.690000,112455,7450
2.695000,112896,7469
2.700000,113337,7488
2.705000,113778,7507
2.710000,114219,7526
2.715000,114660,7546
2.720000,115101,7565
2.725000,115542,7584
2.730000,115983,7603
2.735000,116424,7622
2.740000,116865,7642
2.745000,117306,7661
2.750000,117747,7680
2.755000,118188,7699
2.760000,118629,7718
2.765000,119070,7738
2.770000,119511,7757
2.775000,119952,7776
2.780000,120393,7795
2.785000,120834,7814
2.790000,121275,7834
2.795000,121716,7853
2.800000,122157,7872
2.805000,122598,7891
2.810000,123039,7910
2.815000,123480,7930
2.820000,123921,7949
2.825000,124362,7968
2.830000,124803,7987
2.835000,125244,8006
2.840000,125685,8026
2.845000,126126,8045
2.850000,126567,8064
2.855000,127008,8083
2.860000,127449,8102
2.865000,127890,8122
2.870000,128331,8141
2.875000,128772,8160
2.880000,129213,8179
2.975000,129654,8544
2.980000,130095,8563
2.985000,130536,8582
2.990000,130977,8602
2.995000,131418,8621
3.000000,131859,8640
3.005000,132300,8659
3.010000,132741,8678
3.015000,133182,8698
3.020000,133623,8717
3.025000,134064,8736
3.030000,134505,8755
3.035000,134946,8774
3.040000,135387,8794
3.045000,135828,8813
3.050000,136269,8832
3.055000,136710,8851
3.060000,137151,8870
3.065000,137592,8890
3.070000,138033,8909
3.075000,138474,8928
3.080000,138915,8947
3.085000,139356,8966
3.090000,139797,8986
3.095000,140238,9005
3.100000,140679,9024
3.105000,141120,9043
3.110000,141561,9062
3.115000,142002,9082
3.225000,142443,9504
3.230000,142884,9523
3.235000,143325,9542
3.240000,143766,9562
3.245000,144207,9581
3.250000,144648,9600
3.260000,145089,9638
3.265000,145530,9658
3.270000,145971,9677
3.275000,146412,9696
3.280000,146853,9715
3.285000,147294,9734
3.290000,147735,9754
3.295000,148176,9773
3.300000,148617,9792
3.305000,149058,9811
3.310000,149499,9830
3.315000,149940,9850
3.320000,150381,9869
3.325000,150822,9888
3.330000,151263,9907
3.335000,151704,9926
3.340000,152145,9946
3.345000,152586,9965
3.350000,153027,9984
3.355000,153468,10003
3.360000,153909,10022
3.365000,154350,10042
3.370000,154791,10061
3.375000,155232,10080
3.455000,155673,10387
3.460000,156114,10406
3.465000,156555,10426
3.470000,156996,10445
3.475000,157437,10464
3.480000,157878,10483
3.485000,158319,10502
3.490000,158760,10522
3.495000,159201,10541
3.500000,159642,10560
3.505000,160083,10579
3.510000,160524,10598
3.515000,160965,10618
3.520000,161406,10637
3.525000,161847,10656
3.530000,162288,10675
3.535000,162729,10694
3.540000,163170,10714
3.545000,163611,10733
3.550000,164052,10752
3.555000,164493,10771
3.560000,164934,10790
3.565000,165375,10810
3.570000,165816,10829
3.680000,166257,11251
3.685000,166698,11270
3.690000,167139,11290
3.695000,167580,11309
3.700000,168021,11328
3.705000,168462,11347
3.710000,168903,11366
3.715000,169344,11386
3.720000,169785,11405
3.725000,170226,11424
3.730000,170667,11443
3.735000,171108,11462
3.740000,171549,11482
3.745000,171990,11501
3.750000,172431,11520
3.755000,172872,11539
3.760000,173313,11558
3.765000,173754,11578
3.770000,174195,11597
3.775000,174636,11616
3.780000,175077,11635
3.785000,175518,11654
3.790000,175959,11674
3.795000,176400,11693
3.800000,176841,11712
3.805000,177282,11731
3.810000,177723,11750
3.815000,178164,11770
3.820000,178605,11789
3.825000,179046,11808
3.830000,179487,11827
3.835000,179928,11846
3.840000,180369,11866
3.845000,180810,11885
3.850000,181251,11904
3.855000,181692,11923
3.860000,182133,11942
3.865000,182574,11962
3.870000,183015,11981
3.875000,183456,12000
3.880000,183897,12019
3.885000,184338,12038
3.890000,184779,12058
3.895000,185220,12077
3.900000,185661,12096
3.905000,186102,12115
3.910000,186543,12134
3.915000,186984,12154
3.920000,187425,12173
3.995000,187866,12461
4.000000,188307,12480
4.005000,188748,12499
4.010000,189189,12518
4.015000,189630,12538
4.020000,190071,12557
4.025000,190512,12576
4.030000,190953,12595
4.035000,191394,12614
4.040000,191835,12634
4.045000,192276,12653
4.050000,192717,12672
4.055000,193158,12691
4.060000,193599,12710
4.065000,194040,12730
4.070000,194481,12749
4.075000,194922,12768
4.080000,195363,12787
4.085000,195804,12806
4.090000,196245,12826
4.095000,196686,12845
4.100000,197127,12864
4.105000,197568,12883
4.110000,198009,12902
4.115000,198450,12922
4.205000,198891,12941
4.210000,199332,12960
4.215000,199773,12979
4.220000,200214,12998
4.225000,200655,13344
4.230000,201096,13363
4.235000,201537,13382
4.240000,201978,13402
4.245000,202419,13421
4.250000,202860,13440
4.255000,203301,13459
4.260000,203742,13478
4.265000,204183,13498
4.270000,204624,13517
4.275000,205065,13536
4.280000,205506,13555
4.285000,205947,13574
4.290000,206388,13594
4.295000,206829,13613
4.300000,207270,13632
4.305000,207711,13651
4.310000,208152,13670
4.315000,208593,13690
4.320000,209034,13709
4.325000,209475,13728
4.330000,209916,13747
4.335000,210357,13766
4.340000,210798,13786
4.345000,211239,13805
4.350000,211680,13824
4.355000,212121,13843
4.360000,212562,13862
4.365000,213003,13882
4.370000,213444,13901
4.375000,213885,13920
4.380000,214326,13939
4.385000,214767,13958
4.485000,215208,14342
4.490000,215649,14362
4.495000,216090,14381
4.500000,216531,14400
4.505000,216972,14419
4.510000,217413,14438
4.515000,217854,14458
4.520000,218295,14477
4.525000,218736,14496
4.530000,219177,14515
4.535000,219618,14534
4.540000,220059,14554
4.545000,220500,14573
4.550000,220941,14592
4.555000,221382,14611
4.560000,221823,14630
4.565000,222264,14650
4.570000,222705,14669
4.575000,223146,14688
4.580000,223587,14707
4.585000,224028,14726
4.590000,224469,14746
4.595000,224910,14765
4.600000,225351,14784
4.605000,225792,14803
4.610000,226233,14822
4.615000,226674,14842
4.620000,227115,14861
4.625000,227556,14880
4.630000,227997,14899
4.635000,228438,14918
4.740000,228879,15322
4.745000,229320,15341
4.750000,229761,15360
4.755000,230202,15379
4.760000,230643,15398
4.765000,231084,15418
4.770000,231525,15437
4.775000,231966,15456
4.780000,232407,15475
4.785000,232848,15494
4.790000,233289,15514
4.795000,233730,15533
4.800000,234171,15552
4.805000,234612,15571
4.810000,235053,15590
4.815000,235494,15610
4.820000,235935,15629
4.825000,236376,15648
4.830000,236817,15667
4.835000,237258,15686
4.840000,237699,15706
4.845000,238140,15725
4.850000,238581,15744
4.855000,239022,15763
4.860000,239463,15782
4.865000,239904,15802
4.870000,240345,15821
4.875000,240786,15840
4.880000,241227,15859
4.885000,241668,15878
4.890000,242109,15898
4.895000,242550,15917
4.900000,242991,15936
4.905000,243432,15955
4.910000,243873,15974
4.915000,244314,15994
4.985000,244755,16262
4.990000,245196,16282
4.995000,245637,16301
5.000000,246078,16320
5.005000,246519,16339
5.010000,246960,16358
5.015000,247401,16378
5.020000,247842,16397
5.025000,248283,16416
5.030000,248724,16435
5.035000,249165,16454
5.040000,249606,16474
5.045000,250047,16493
5.050000,250488,16512
5.055000,250929,16531
5.060000,251370,16550
5.065000,251811,16570
5.070000,252252,16589
5.075000,252693,16608
5.080000,253134,16627
5.085000,253575,16646
5.090000,254016,16666
5.095000,254457,16685
5.100000,254898,16704
5.105000,255339,16723
5.110000,255780,16742
5.115000,256221,16762
5.120000,256662,16781
5.125000,257103,16800
5.130000,257544,16819
5.135000,257985,16838
5.140000,258426,16858
5.145000,258867,16877
5.150000,259308,16896
5.235000,259749,17222
5.240000,260190,17242
5.245000,260631,17261
5.250000,261072,17280
5.255000,261513,17299
5.260000,261954,17318
5.265000,262395,17338
5.270000,262836,17357
5.275000,263277,17376
5.280000,263718,17395
5.285000,264159,17414
5.290000,264600,17434
5.295000,265041,17453
5.300000,265482,17472
5.355000,265923,17683
5.360000,266364,17702
5.365000,266805,17722
5.370000,267246,17741
5.375000,267687,17760
5.380000,268128,17779
5.385000,268569,17798
5.390000,269010,17818
5.395000,269451,17837
5.400000,269892,17856
5.405000,270333,17875
5.410000,270774,17894
5.415000,271215,17914
5.420000,271656,17933
5.425000,272097,17952
5.430000,272538,17971
5.470000,272979,18125
5.475000,273420,18144
5.480000,273861,18163
5.485000,274302,18182
5.490000,274743,18202
5.495000,275184,18221
5.500000,275625,18240
5.505000,276066,18259
5.510000,276507,18278
5.515000,276948,18298
5.520000,277389,18317
5.525000,277830,18336
5.530000,278271,18355
5.535000,278712,18374
5.540000,279153,18394
5.545000,279594,18413
5.550000,280035,18432
5.555000,280476,18451
5.560000,280917,18470
5.565000,281358,18490
5.570000,281799,18509
5.575000,282240,18528
5.580000,282681,18547
5.585000,283122,18566
5.590000,283563,18586
5.595000,284004,18605
5.600000,284445,18624
5.605000,284886,18643
5.610000,285327,18662
5.615000,285768,18682
5.620000,286209,18701
5.750000,286650,19200
5.755000,287091,19219
5.760000,287532,19238
5.765000,287973,19258
5.770000,288414,19277
5.775000,288855,19296
5.780000,289296,19315
5.785000,289737,19334
5.790000,290178,19354
5.795000,290619,19373
5.800000,291060,19392
5.805000,291501,19411
5.870000,291942,19661
5.880000,292383,19699
5.885000,292824,19718
5.890000,293265,19738
5.895000,293706,19757
5.900000,294147,19776
5.905000,294588,19795
5.910000,295029,19814
5.915000,295470,19834
5.920000,295911,19853
5.925000,296352,19872
5.930000,296793,19891
5.935000,297234,19910
5.940000,297675,19930
5.945000,298116,19949
5.950000,298557,19968
5.955000,298998,19987
5.960000,299439,20006
5.995000,299880,20141
6.000000,300321,20160
6.005000,300762,20179
6.010000,301203,20198
6.015000,301644,20218
6.020000,302085,20237
6.025000,302526,20256
6.030000,302967,20275
6.035000,303408,20294
6.040000,303849,20314
6.045000,304290,20333
6.050000,304731,20352
6.055000,305172,20371
6.060000,305613,20390
6.065000,306054,20410
6.070000,306495,20429
6.075000,306936,20448
6.080000,307377,20467
6.085000,307818,20486
6.090000,308259,20506
6.095000,308700,20525
6.100000,309141,20544
6.105000,309582,20563
6.110000,310023,20582
6.115000,310464,20602
6.120000,310905,20621
6.125000,311346,20640
6.130000,311787,20659
6.135000,312228,20678
6.140000,312669,20698
6.230000,313110,21043
6.235000,313551,21062
6.240000,313992,21082
6.245000,314433,21101
6.250000,314874,21120
6.255000,315315,21139
6.300000,315756,21312
6.305000,316197,21331
6.310000,316638,21350
6.315000,317079,21370
6.345000,317520,21485
6.350000,317961,21504
6.355000,318402,21523
6.360000,318843,21542
6.365000,319284,21562
6.370000,319725,21581
6.375000,320166,21600
6.380000,320607,21619
6.385000,321048,21638
6.390000,321489,21658
6.395000,321930,21677
6.400000,322371,21696
6.405000,322812,21715
6.410000,323253,21734
6.415000,323694,21754
6.420000,324135,21773
6.425000,324576,21792
6.430000,325017,21811
6.435000,325458,21830
6.440000,325899,21850
6.445000,326340,21869
6.450000,326781,21888
6.455000,327222,21907
6.460000,327663,21926
6.500000,328104,22080
6.505000,328545,22099
6.510000,328986,22118
6.515000,329427,22138
6.520000,329868,22157
6.525000,330309,22176
6.530000,330750,22195
6.535000,331191,22214
6.540000,331632,22234
6.545000,332073,22253
6.550000,332514,22272
6.555000,332955,22291
6.560000,333396,22310
6.565000,333837,22330
6.570000,334278,22349
6.575000,334719,22368
6.580000,335160,22387
6.585000,335601,22406
6.670000,336042,22733
6.675000,336483,22752
6.680000,336924,22771
6.685000,337365,22790
6.690000,337806,22810
6.695000,338247,22829
6.700000,338688,22848
6.705000,339129,22867
6.710000,339570,22886
6.715000,340011,22906
6.720000,340452,22925
6.725000,340893,22944
6.730000,341334,22963
6.735000,341775,22982
6.740000,342216,23002
6.745000,342657,23021
6.750000,343098,23040
6.755000,343539,23059
6.765000,343980,23098
6.770000,344421,23117
6.775000,344862,23136
6.780000,345303,23155
6.785000,345744,23174
6.790000,346185,23194
6.795000,346626,23213
6.800000,347067,23232
6.805000,347508,23251
6.810000,347949,23270
6.900000,348390,23616
6.905000,348831,23635
6.910000,349272,23654
6.915000,349713,23674
6.920000,350154,23693
6.925000,350595,23712
6.930000,351036,23731
6.935000,351477,23750
6.940000,351918,23770
6.945000,352359,23789
6.950000,352800,23808
6.955000,353241,23827
6.960000,353682,23846
6.965000,354123,23866
6.970000,354564,23885
6.975000,355005,23904
6.980000,355446,23923
6.985000,355887,23942
6.990000,356328,23962
6.995000,356769,23981
7.000000,357210,24000
7.005000,357651,24019
7.010000,358092,24038
7.015000,358533,24058
7.020000,358974,24077
7.025000,359415,24096
7.030000,359856,24115
7.035000,360297,24134
7.040000,360738,24154
7.045000,361179,24173
7.050000,361620,24192
7.055000,362061,24211
7.060000,362502,24230
7.065000,362943,24250
7.070000,363384,24269
7.075000,363825,24288
7.080000,364266,24307
7.085000,364707,24326
7.090000,365148,24346
7.305000,365589,25171
7.310000,366030,25190
7.315000,366471,25210
7.320000,366912,25229
7.325000,367353,25248
7.330000,367794,25267
7.335000,368235,25286
7.340000,368676,25306
7.345000,369117,25325
7.350000,369558,25344
7.355000,369999,25363
7.360000,370440,25382
7.365000,370881,25402
7.370000,371322,25421
7.375000,371763,25440
7.380000,372204,25459
7.385000,372645,25478
7.390000,373086,25498
7.395000,373527,25517
7.400000,373968,25536
7.405000,374409,25555
7.410000,374850,25574
7.415000,375291,25594
7.420000,375732,25613
7.425000,376173,25632
7.430000,376614,25651
7.435000,377055,25670
7.440000,377496,25690
7.445000,377937,25709
7.450000,378378,25728
7.455000,378819,25747
7.460000,379260,25766
7.465000,379701,25786
7.470000,380142,25805
7.475000,380583,25824
7.480000,381024,25843
7.485000,381465,25862
7.490000,381906,25882
7.495000,382347,25901
7.500000,382788,25920
7.505000,383229,25939
7.510000,383670,25958
7.515000,384111,25978
7.520000,384552,25997
7.525000,384993,26016
7.530000,385434,26035
7.535000,385875,26054
7.540000,386316,26074
7.545000,386757,26093
7.550000,387198,26112
7.555000,387639,26131
7.560000,388080,26150
7.565000,388521,26170
7.570000,388962,26189
7.575000,389403,26208
7.580000,389844,26227
7.585000,390285,26246
7.590000,390726,26266
7.595000,391167,26285
7.600000,391608,26304
7.605000,392049,26323
7.610000,392490,26342
7.615000,392931,26362
7.620000,393372,26381
7.625000,393813,26400
7.630000,394254,26419
7.635000,394695,26438
7.640000,395136,26458
7.645000,395577,26477
7.650000,396018,26496
7.655000,396459,26515
7.660000,396900,26534
7.665000,397341,26554
7.670000,397782,26573
7.675000,398223,26592
7.680000,398664,26611
7.685000,399105,26630
7.690000,399546,26650
7.695000,399987,26669
7.700000,400428,26688
7.705000,400869,26707
7.710000,401310,26726
7.715000,401751,26746
7.720000,402192,26765
7.725000,402633,26784
7.730000,403074,26803
7.735000,403515,26822
7.740000,403956,26842
7.745000,404397,26861
7.750000,404838,26880
7.760000,405279,26899
7.765000,405720,26918
7.770000,406161,26938
7.775000,406602,26957
7.780000,407043,26976
7.785000,407484,26995
7.790000,407925,27014
7.795000,408366,27034
7.800000,408807,27053
7.805000,409248,27072
7.810000,409689,27091
7.815000,410130,27110
7.820000,410571,27130
7.825000,411012,27149
7.830000,411453,27168
7.835000,411894,27187
7.840000,412335,27206
7.845000,412776,27226
7.850000,413217,27245
7.855000,413658,27264
7.860000,414099,27283
7.970000,414540,27725
7.975000,414981,27744
7.980000,415422,27763
7.985000,415863,27782
7.990000,416304,27802
7.995000,416745,27821
8.000000,417186,27840
8.005000,417627,27859
8.010000,418068,27878
8.015000,418509,27898
8.020000,418950,27917
8.045000,419391,27994
8.050000,419832,28013
8.125000,420273,28032
8.130000,420714,28339
8.135000,421155,28358
8.140000,421596,28378
8.145000,422037,28397
8.150000,422478,28416
8.155000,422919,28435
8.160000,423360,28454
8.165000,423801,28474
8.170000,424242,28493
8.175000,424683,28512
8.180000,425124,28531
8.185000,425565,28550
8.190000,426006,28570
8.195000,426447,28589
8.200000,426888,28608
8.205000,427329,28627
8.210000,427770,28646
8.215000,428211,28666
8.220000,428652,28685
8.225000,429093,28704
8.230000,429534,28723
8.235000,429975,28742
8.240000,430416,28762
8.245000,430857,28781
8.255000,431298,28800
8.270000,431739,28877
8.275000,432180,28896
8.280000,432621,28915
8.285000,433062,28934
8.290000,433503,28954
8.295000,433944,28973
8.300000,434385,28992
8.305000,434826,29011
8.310000,435267,29030
8.315000,435708,29050
8.320000,436149,29069
8.325000,436590,29088
8.330000,437031,29107
8.335000,437472,29126
8.340000,437913,29146
8.345000,438354,29165
8.350000,438795,29184
8.355000,439236,29203
8.360000,439677,29222
8.365000,440118,29242
8.370000,440559,29261
8.375000,441000,29280
8.380000,441441,29299
8.385000,441882,29318
8.390000,442323,29338
8.395000,442764,29357
8.400000,443205,29376
8.405000,443646,29395
8.410000,444087,29414
8.415000,444528,29434
8.420000,444969,29453
8.425000,445410,29472
8.430000,445851,29491
8.435000,446292,29510
8.440000,446733,29530
8.445000,447174,29549
8.450000,447615,29568
8.455000,448056,29587
8.460000,448497,29606
8.465000,448938,29626
8.470000,449379,29645
8.475000,449820,29664
8.495000,450261,29741
8.500000,450702,29760
8.510000,451143,29798
8.515000,451584,29818
8.525000,452025,29856
8.530000,452466,29875
8.535000,452907,29894
8.540000,453348,29914
8.545000,453789,29933
8.550000,454230,29952
8.555000,454671,29971
8.560000,455112,29990
8.565000,455553,30010
8.570000,455994,30029
8.575000,456435,30048
8.580000,456876,30067
8.585000,457317,30086
8.590000,457758,30106
8.595000,458199,30125
8.600000,458640,30144
8.605000,459081,30163
8.610000,459522,30182
8.615000,459963,30202
8.620000,460404,30221
8.710000,460845,30566
8.715000,461286,30586
8.720000,461727,30605
8.725000,462168,30624
8.730000,462609,30643
8.735000,463050,30662
8.740000,463491,30682
8.745000,463932,30701
8.750000,464373,30720
8.755000,464814,30739
8.760000,465255,30758
8.765000,465696,30778
8.770000,466137,30797
8.775000,466578,30816
8.780000,467019,30835
8.785000,467460,30854
8.790000,467901,30874
8.795000,468342,30893
8.800000,468783,30912
8.805000,469224,30931
8.810000,469665,30950
8.815000,470106,30970
8.820000,470547,30989
8.825000,470988,31008
8.830000,471429,31027
8.835000,471870,31046
8.840000,472311,31066
8.845000,472752,31085
8.850000,473193,31104
8.855000,473634,31123
8.860000,474075,31142
8.865000,474516,31162
8.870000,474957,31181
8.875000,475398,31200
8.880000,475839,31219
8.885000,476280,31238
8.890000,476721,31258
8.980000,477162,31277
8.985000,477603,31622
8.990000,478044,31642
8.995000,478485,31661
9.000000,478926,31680
9.005000,479367,31699
9.010000,479808,31718
9.045000,480249,31853
9.050000,480690,31872
9.145000,481131,32237
9.150000,481572,32256
9.155000,482013,32275
9.160000,482454,32294
9.165000,482895,32314
9.170000,483336,32333
9.175000,483777,32352
9.180000,484218,32371
9.185000,484659,32390
9.190000,485100,32410
9.195000,485541,32429
9.200000,485982,32448
9.205000,486423,32467
9.210000,486864,32486
9.215000,487305,32506
9.220000,487746,32525
9.225000,488187,32544
9.230000,488628,32563
9.235000,489069,32582
9.240000,489510,32602
9.245000,489951,32621
9.250000,490392,32640
9.255000,490833,32659
9.260000,491274,32678
9.265000,491715,32698
9.270000,492156,32717
9.275000,492597,32736
9.280000,493038,32755
9.285000,493479,32774
9.290000,493920,32794
9.295000,494361,32813
9.300000,494802,32832
9.305000,495243,32851
9.310000,495684,32870
9.315000,496125,32890
9.320000,496566,32909
9.325000,497007,32928
9.330000,497448,32947
9.335000,497889,32966
9.340000,498330,32986
9.345000,498771,33005
9.350000,499212,33024
9.355000,499653,33043
9.360000,500094,33062
9.365000,500535,33082
9.370000,500976,33101
9.375000,501417,33120
9.440000,501858,33370
9.445000,502299,33389
9.450000,502740,33408
9.455000,503181,33427
9.460000,503622,33446
9.465000,504063,33466
9.470000,504504,33485
9.475000,504945,33504
9.480000,505386,33523
9.485000,505827,33542
9.490000,506268,33562
9.495000,506709,33581
9.500000,507150,33600
9.505000,507591,33619
9.510000,508032,33638
9.515000,508473,33658
9.520000,508914,33677
9.525000,509355,33696
9.530000,509796,33715
9.535000,510237,33734
9.540000,510678,33754
9.545000,511119,33773
9.550000,511560,33792
9.555000,512001,33811
9.560000,512442,33830
9.565000,512883,33850
9.570000,513324,33869
9.575000,513765,33888
9.580000,514206,33907
9.585000,514647,33926
9.590000,515088,33946
9.595000,515529,33965
9.600000,515970,33984
9.605000,516411,34003
9.610000,516852,34022
9.615000,517293,34042
9.620000,517734,34061
9.625000,518175,34080
9.630000,518616,34099
9.635000,519057,34118
9.640000,519498,34138
9.645000,519939,34157
9.650000,520380,34483
9.720000,520821,34502
9.725000,521262,34522
9.730000,521703,34541
9.735000,522144,34944
9.740000,522585,34963
9.745000,523026,34982
9.755000,523467,35002
9.760000,523908,35021
9.765000,524349,35040
9.770000,524790,35136
9.775000,525231,35155
9.780000,525672,35174
9.785000,526113,35194
9.790000,526554,35213
9.795000,526995,35232
9.800000,527436,35290
9.805000,527877,35309
9.810000,528318,35328
9.815000,528759,35347
9.820000,529200,35366
9.825000,529641,35386
9.830000,530082,35405
9.835000,530523,35424
9.840000,530964,35443
9.845000,531405,35462
9.850000,531846,35482
9.855000,532287,35501
9.860000,532728,35520
9.865000,533169,35539
9.870000,533610,35558
9.875000,534051,35578
9.880000,534492,35597
9.885000,534933,35616
9.890000,535374,35635
9.895000,535815,35654
9.900000,536256,35674
9.905000,536697,35693
9.910000,537138,35712
9.990000,537579,35731
9.995000,538020,35750
10.000000,538461,35770
10.005000,538902,35789
10.010000,539343,35808
10.030000,539784,35827
10.045000,540225,35846
10.050000,540666,35866
10.055000,541107,35885
10.060000,541548,35904
10.155000,541989,36115
10.160000,542430,36134
10.165000,542871,36154
10.170000,543312,36173
10.175000,543753,36192
10.180000,544194,36211
10.185000,544635,36230
10.190000,545076,36250
10.195000,545517,36269
10.200000,545958,36288
10.205000,546399,36307
10.210000,546840,36326
10.215000,547281,36346
10.220000,547722,36365
10.225000,548163,36384
10.230000,548604,36403
10.235000,549045,36422
10.240000,549486,36442
10.245000,549927,36461
10.250000,550368,36480
10.255000,550809,36499
10.260000,551250,36518
10.265000,551691,36538
10.270000,552132,36557
10.275000,552573,36576
10.280000,553014,36595
10.285000,553455,36614
10.290000,553896,36634
10.295000,554337,36653
10.300000,554778,36672
10.305000,555219,36691
10.310000,555660,36710
10.315000,556101,36730
10.320000,556542,36749
10.325000,556983,36768
10.340000,557424,36826
10.345000,557865,36845
10.350000,558306,36864
10.355000,558747,36883
10.360000,559188,36902
10.365000,559629,36922
10.370000,560070,36941
10.375000,560511,36960
10.380000,560952,36979
10.385000,561393,36998
10.390000,561834,37018
10.395000,562275,37037
10.400000,562716,37056
10.405000,563157,37075
10.410000,563598,37094
10.415000,564039,37114
10.420000,564480,37133
10.425000,564921,37152
10.430000,565362,37171
10.445000,565803,37248
10.450000,566244,37267
10.455000,566685,37286
10.460000,567126,37306
10.465000,567567,37325
10.470000,568008,37344
10.475000,568449,37363
10.480000,568890,37382
10.485000,569331,37402
10.490000,569772,37421
10.495000,570213,37440
10.500000,570654,37459
10.505000,571095,37478
10.510000,571536,37498
10.515000,571977,37517
10.520000,572418,37536
10.525000,572859,37555
10.530000,573300,37574
10.535000,573741,37594
10.540000,574182,37613
10.545000,574623,37632
10.550000,575064,37651
10.555000,575505,37670
10.560000,575946,37690
10.565000,576387,37709
10.570000,576828,37728
10.575000,577269,37747
10.580000,577710,37766
10.585000,578151,37786
10.590000,578592,37805
10.595000,579033,37824
10.600000,579474,37843
10.605000,579915,37862
10.610000,580356,37882
10.615000,580797,37901
10.620000,581238,37920
10.720000,581679,38285
10.725000,582120,38304
10.730000,582561,38323
10.735000,583002,38342
10.740000,583443,38362
10.745000,583884,38381
10.750000,584325,38400
10.755000,584766,38419
10.760000,585207,38438
10.765000,585648,38458
10.770000,586089,38477
10.775000,586530,38496
10.780000,586971,38515
10.785000,587412,38534
10.790000,587853,38554
10.795000,588294,38573
10.800000,588735,38592
10.805000,589176,38611
10.810000,589617,38630
10.815000,590058,38650
10.820000,590499,38669
10.825000,590940,38688
10.830000,591381,38707
10.835000,591822,38726
10.840000,592263,38746
10.845000,592704,38765
10.850000,593145,38784
10.855000,593586,38803
10.860000,594027,38822
10.865000,594468,38842
10.870000,594909,38861
10.965000,595350,39226
10.970000,595791,39245
10.975000,596232,39264
10.980000,596673,39283
10.985000,597114,39302
10.990000,597555,39322
10.995000,597996,39341
11.000000,598437,39360
11.005000,598878,39379
11.010000,599319,39398
11.050000,599760,39552
11.110000,600201,39763
11.115000,600642,39782
11.120000,601083,39802
11.125000,601524,39821
11.130000,601965,39840
11.135000,602406,39859
11.140000,602847,39878
11.145000,603288,39898
11.150000,603729,39917
11.155000,604170,39936
11.160000,604611,39955
11.165000,605052,39974
11.170000,605493,39994
11.175000,605934,40013
11.180000,606375,40032
11.185000,606816,40051
11.190000,607257,40070
11.195000,607698,40090
11.200000,608139,40109
11.205000,608580,40128
11.210000,609021,40147
11.215000,609462,40166
11.220000,609903,40186
11.225000,610344,40205
11.230000,610785,40224
11.235000,611226,40243
11.240000,611667,40262
11.245000,612108,40282
11.250000,612549,40301
11.255000,612990,40320
11.260000,613431,40339
11.265000,613872,40358
11.270000,614313,40378
11.275000,614754,40397
11.280000,615195,40416
11.285000,615636,40435
11.290000,616077,40454
11.295000,616518,40474
11.300000,616959,40493
11.305000,617400,40512
11.310000,617841,40531
11.315000,618282,40550
11.320000,618723,40570
11.325000,619164,40589
11.330000,619605,40608
11.335000,620046,40627
11.340000,620487,40646
11.345000,620928,40666
11.350000,621369,40685
11.355000,621810,40704
11.360000,622251,40723
11.365000,622692,40742
11.370000,623133,40762
11.375000,623574,40781
11.380000,624015,40800
11.385000,624456,40819
11.390000,624897,40838
11.395000,625338,40858
11.400000,625779,40877
11.405000,626220,40896
11.500000,626661,41280
11.530000,627102,41395
11.535000,627543,41414
11.540000,627984,41434
11.545000,628425,41453
11.550000,628866,41472
11.555000,629307,41491
11.560000,629748,41510
11.565000,630189,41530
11.570000,630630,41549
11.575000,631071,41568
11.580000,631512,41587
11.585000,631953,41606
11.590000,632394,41626
11.595000,632835,41645
11.600000,633276,41664
11.605000,633717,41683
11.610000,634158,41702
11.615000,634599,41722
11.620000,635040,41741
11.700000,635481,42048
11.705000,635922,42067
11.710000,636363,42086
11.715000,636804,42106
11.720000,637245,42125
11.725000,637686,42144
11.730000,638127,42163
11.735000,638568,42182
11.740000,639009,42202
11.745000,639450,42221
11.750000,639891,42240
11.755000,640332,42259
11.760000,640773,42278
11.765000,641214,42298
11.770000,641655,42317
11.775000,642096,42336
11.780000,642537,42355
11.785000,642978,42374
11.790000,643419,42394
11.795000,643860,42413
11.800000,644301,42432
11.805000,644742,42451
11.810000,645183,42470
11.815000,645624,42490
11.820000,646065,42509
11.825000,646506,42528
11.830000,646947,42547
11.945000,647388,43718
11.950000,647829,43738
11.955000,648270,43757
11.960000,648711,43776
11.965000,649152,43795
11.970000,649593,43814
11.975000,650034,43834
11.980000,650475,43853
11.985000,650916,43872
11.990000,651357,43891
11.995000,651798,43910
12.000000,652239,43930
12.005000,652680,43949
12.010000,653121,43968
12.015000,653562,43987
12.020000,654003,44006
12.025000,654444,44026
12.030000,654885,44045
12.035000,655326,44064
12.040000,655767,44083
12.045000,656208,44102
12.050000,656649,44122
12.055000,657090,44141
12.115000,657531,44160
12.120000,657972,44179
12.125000,658413,44198
12.130000,658854,44218
12.135000,659295,44237
12.140000,659736,44256
12.145000,660177,44275
12.150000,660618,44294
12.155000,661059,44301
12.160000,661500,44307
12.165000,661941,44314
12.170000,662382,44333
12.175000,662823,44352
12.180000,663264,44371
12.185000,663705,44390
12.190000,664146,44410
12.195000,664587,44429
12.200000,665028,44448
12.205000,665469,44467
12.210000,665910,44486
12.215000,666351,44506
12.220000,666792,44525
12.225000,667233,44544
12.230000,667674,44563
12.235000,668115,44582
12.240000,668556,44602
12.245000,668997,44621
12.250000,669438,44640
12.255000,669879,44659
12.260000,670320,44678
12.265000,670761,44698
12.270000,671202,44717
12.275000,671643,44736
12.280000,672084,44755
12.285000,672525,44774
12.290000,672966,44794
12.295000,673407,44813
12.300000,673848,44832
12.305000,674289,44851
12.310000,674730,44870
12.315000,675171,44890
12.320000,675612,44909
12.325000,676053,44928
12.330000,676494,44947
12.335000,676935,44966
12.340000,677376,44986
12.345000,677817,45005
12.346250,678258,45010
12.347500,678699,45014
12.348750,679140,45019
12.350000,679581,45024
12.355000,680022,45043
12.360000,680463,45062
12.365000,680904,45082
12.370000,681345,45101
12.375000,681786,45120
12.380000,682227,45139
12.385000,682668,45158
12.387500,683109,45178
12.390000,683550,45197
12.395000,683991,45216
12.396000,684432,45235
12.397000,684873,45254
12.398000,685314,45274
12.399000,685755,45293
12.400000,686196,45312
12.405000,686637,45331
12.410000,687078,45350
12.415000,687519,45370
12.420000,687960,45389
12.421250,688401,45408
12.422500,688842,45427
12.423750,689283,45446
12.425000,689724,45466
12.430000,690165,45485
12.435000,690606,45504
12.440000,691047,45523
12.445000,691488,45542
12.450000,691929,45562
12.455000,692370,45581
12.460000,692811,45600
12.465000,693252,45619
12.470000,693693,45638
12.475000,694134,45658
12.480000,694575,45677
12.485000,695016,45696
12.490000,695457,45715
12.495000,695898,45734
12.500000,696339,46080
12.505000,696780,46099
12.510000,697221,46118
12.515000,697662,46138
12.520000,698103,46157
12.525000,698544,46176
12.530000,698985,46195
12.535000,699426,46214
12.540000,699867,46234
12.545000,700308,46253
12.550000,700749,46272
12.555000,701190,46291
12.560000,701631,46310
12.565000,702072,46330
12.570000,702513,46349
12.575000,702954,46368
12.580000,703395,46387
12.585000,703836,46406
12.590000,704277,46426
12.595000,704718,46445
12.600000,705159,46464
12.605000,705600,46483
12.610000,706041,46502
12.615000,706482,46522
12.620000,706923,46982
12.995000,707364,47002
13.050000,707805,47021
13.100000,708246,47424
13.105000,708687,47443
13.110000,709128,47462
13.115000,709569,47482
13.120000,710010,47501
13.125000,710451,47520
13.130000,710892,47539
13.135000,711333,47558
13.140000,711774,47578
13.145000,712215,47597
13.150000,712656,47616
13.155000,713097,47635
13.160000,713538,47654
13.165000,713979,47674
13.170000,714420,47693
13.175000,714861,47712
13.180000,715302,47731
13.185000,715743,47750
13.190000,716184,47770
13.195000,716625,47789
13.200000,717066,47808
13.205000,717507,47827
13.210000,717948,47846
13.215000,718389,47866
13.220000,718830,47885
13.225000,719271,47904
13.230000,719712,47923
13.235000,720153,47942
13.240000,720594,47962
13.245000,721035,47981
13.250000,721476,48000
13.255000,721917,48019
13.260000,722358,48038
13.265000,722799,48058
13.270000,723240,48077
13.275000,723681,48096
13.280000,724122,48115
13.285000,724563,48134
13.290000,725004,48154
13.295000,725445,48173
13.300000,725886,48192
13.305000,726327,48211
13.310000,726768,48230
13.315000,727209,48250
13.320000,727650,48269
13.355000,728091,48461
13.360000,728532,48480
13.365000,728973,48499
13.370000,729414,48518
13.375000,729855,48538
13.380000,730296,48557
13.385000,730737,48576
13.390000,731178,48595
13.395000,731619,48614
13.400000,732060,48634
13.405000,732501,48653
13.410000,732942,48672
13.415000,733383,48691
13.420000,733824,48710
13.425000,734265,48730
13.430000,734706,48749
13.435000,735147,48768
13.440000,735588,48787
13.470000,736029,48845
13.475000,736470,48864
13.480000,736911,48883
13.485000,737352,48902
13.490000,737793,48922
13.495000,738234,48941
13.500000,738675,48960
13.505000,739116,48979
13.510000,739557,48998
13.515000,739998,49018
13.520000,740439,49037
13.525000,740880,49056
13.530000,741321,49075
13.535000,741762,49094
13.540000,742203,49114
13.545000,742644,49133
13.550000,743085,49152
13.555000,743526,49171
13.560000,743967,49190
13.565000,744408,49210
13.570000,744849,49229
13.575000,745290,49248
13.580000,745731,49267
13.585000,746172,49286
13.590000,746613,49306
13.595000,747054,49325
13.600000,747495,49344
13.605000,747936,49363
13.610000,748377,49382
13.615000,748818,49402
13.620000,749259,49421
13.625000,749700,49440
13.745000,750141,49901
13.800000,750582,50112
13.850000,751023,50304
13.855000,751464,50323
13.860000,751905,50342
13.865000,752346,50362
13.870000,752787,50381
13.875000,753228,50400
13.880000,753669,50419
13.885000,754110,50438
13.890000,754551,50458
13.895000,754992,50477
13.900000,755433,50496
13.905000,755874,50515
13.910000,756315,50534
13.915000,756756,50554
13.920000,757197,50573
13.925000,757638,50592
13.930000,758079,50611
13.935000,758520,50630
13.940000,758961,50650
13.945000,759402,50669
13.950000,759843,50688
13.955000,760284,50707
13.960000,760725,50726
13.965000,761166,50746
13.970000,761607,50765
13.975000,762048,50784
13.980000,762489,50803
13.985000,762930,50822
13.990000,763371,50842
13.995000,763812,50861
14.000000,764253,50880
14.005000,764694,50899
14.010000,765135,50918
14.015000,765576,50938
14.020000,766017,50957
14.025000,766458,50976
14.030000,766899,50995
14.035000,767340,51014
14.040000,767781,51034
14.045000,768222,51053
14.050000,768663,51072
14.055000,769104,51091
14.060000,769545,51110
14.065000,769986,51130
14.070000,770427,51149
14.075000,770868,51168
14.080000,771309,51187
14.085000,771750,51206
14.090000,772191,51226
14.095000,772632,51245
14.100000,773073,51264
14.105000,773514,51283
14.110000,773955,51302
14.115000,774396,51322
14.120000,774837,51341
14.125000,775278,51360
14.130000,775719,51379
14.235000,776160,51782
14.240000,776601,51802
14.245000,777042,51821
14.250000,777483,51840
14.255000,777924,51859
14.260000,778365,51878
14.300000,778806,52032
14.305000,779247,52051
14.310000,779688,52070
14.315000,780129,52090
14.320000,780570,52109
14.325000,781011,52128
14.330000,781452,52147
14.335000,781893,52166
14.340000,782334,52186
14.345000,782775,52205
14.350000,783216,52224
14.355000,783657,52243
14.360000,784098,52262
14.365000,784539,52282
14.370000,784980,52301
14.375000,785421,52320
14.380000,785862,52339
14.385000,786303,52358
14.390000,786744,52378
14.395000,787185,52397
14.400000,787626,52416
14.405000,788067,52435
14.410000,788508,52454
14.415000,788949,52474
14.420000,789390,52493
14.425000,789831,52512
14.430000,790272,52531
14.435000,790713,52550
14.440000,791154,52570
14.445000,791595,52589
14.450000,792036,52608
14.455000,792477,52627
14.460000,792918,52646
14.465000,793359,52666
14.470000,793800,52685
14.630000,794241,52704
14.635000,794682,52723
14.640000,795123,52728
14.645000,795564,52733
14.650000,796005,52738
14.655000,796446,52742
14.660000,796887,52762
14.665000,797328,52781
14.670000,797769,52800
14.675000,798210,52819
14.680000,798651,52838
14.685000,799092,52858
14.690000,799533,52877
14.695000,799974,52896
14.700000,800415,52915
14.705000,800856,52934
14.710000,801297,52954
14.715000,801738,52973
14.720000,802179,52992
14.725000,802620,53664
14.730000,803061,53683
14.735000,803502,53702
14.740000,803943,53722
14.745000,804384,53741
14.750000,804825,53760
14.755000,805266,53779
14.760000,805707,53798
14.765000,806148,53818
14.770000,806589,53837
14.775000,807030,53856
14.780000,807471,53875
14.785000,807912,53894
14.790000,808353,53914
14.795000,808794,53933
14.800000,809235,53952
14.805000,809676,53971
14.810000,810117,53990
14.815000,810558,54010
14.820000,810999,54029
14.825000,811440,54048
14.830000,811881,54067
14.835000,812322,54086
14.840000,812763,54106
14.845000,813204,54125
14.850000,813645,54144
14.855000,814086,54163
14.860000,814527,54182
14.865000,814968,54202
14.870000,815409,54221
14.875000,815850,54240
14.880000,816291,54259
14.885000,816732,54278
14.890000,817173,54298
14.895000,817614,54317
14.900000,818055,54336
14.965000,818496,54586
14.970000,818937,54605
14.975000,819378,54624
14.980000,819819,54643
14.985000,820260,54662
14.990000,820701,54682
14.995000,821142,54701
15.000000,821583,54720
15.005000,822024,54739
15.010000,822465,54758
15.015000,822906,54778
15.020000,823347,54797
15.025000,823788,54816
15.030000,824229,54835
15.035000,824670,54854
15.040000,825111,54874
15.045000,825552,54893
15.050000,825993,54912
15.055000,826434,54931
15.060000,826875,54950
15.065000,827316,54970
15.070000,827757,54989
15.075000,828198,55008
15.080000,828639,55027
15.200000,829080,55488
15.205000,829521,55507
15.210000,829962,55526
15.215000,830403,55546
15.220000,830844,55565
15.225000,831285,55584
15.230000,831726,55603
15.235000,832167,55622
15.240000,832608,55642
15.245000,833049,55661
15.250000,833490,55680
15.255000,833931,55699
15.260000,834372,55718
15.265000,834813,55738
15.270000,835254,55757
15.275000,835695,55776
15.280000,836136,55795
15.285000,836577,55814
15.290000,837018,55834
15.295000,837459,55853
15.300000,837900,55872
15.340000,838341,55891
15.345000,838782,55910
15.350000,839223,55930
15.355000,839664,55949
15.360000,840105,55968
15.365000,840546,55987
15.370000,840987,56006
15.385000,841428,56198
15.390000,841869,56256
15.420000,842310,56333
15.425000,842751,56352
15.430000,843192,56371
15.435000,843633,56390
15.440000,844074,56410
15.445000,844515,56429
15.450000,844956,56448
15.455000,845397,56467
15.460000,845838,56486
15.465000,846279,56506
15.470000,846720,56525
15.500000,847161,56640
15.505000,847602,56659
15.510000,848043,56678
15.515000,848484,56698
15.520000,848925,56717
15.525000,849366,56736
15.530000,849807,56755
15.535000,850248,56774
15.540000,850689,56794
15.545000,851130,56813
15.550000,851571,56832
15.555000,852012,56851
15.660000,852453,57254
15.665000,852894,57274
15.670000,853335,57293
15.675000,853776,57312
15.680000,854217,57331
15.685000,854658,57350
15.690000,855099,57370
15.695000,855540,57389
15.700000,855981,57408
15.705000,856422,57427
15.710000,856863,57446
15.715000,857304,57466
15.720000,857745,57485
15.725000,858186,57504
15.730000,858627,57523
15.735000,859068,57542
15.740000,859509,57562
15.745000,859950,57581
15.750000,860391,57600
15.755000,860832,57619
15.760000,861273,57638
15.765000,861714,57658
15.770000,862155,57677
15.775000,862596,57696
15.780000,863037,57715
15.785000,863478,57734
15.790000,863919,57754
15.795000,864360,57773
15.800000,864801,57792
15.805000,865242,57811
15.810000,865683,57830
15.815000,866124,57850
15.820000,866565,57869
15.825000,867006,57888
15.830000,867447,57907
15.835000,867888,57926
15.840000,868329,57946
15.845000,868770,57965
15.850000,869211,57984
15.855000,869652,58003
15.860000,870093,58022
15.865000,870534,58042
15.870000,870975,58061
15.875000,871416,58080
15.880000,871857,58099
15.885000,872298,58118
15.890000,872739,58138
15.895000,873180,58157
15.900000,873621,58176
15.905000,874062,58195
15.910000,874503,58214
15.995000,874944,58541
16.005000,875385,58560
16.010000,875826,58579
16.015000,876267,58598
16.020000,876708,58618
16.025000,877149,58637
16.030000,877590,58656
16.035000,878031,58675
16.040000,878472,58694
16.045000,878913,58714
16.050000,879354,58867
16.085000,879795,58886
16.090000,880236,58906
16.095000,880677,58925
16.100000,881118,58944
16.105000,881559,58963
16.110000,882000,58982
16.115000,882441,59002
16.120000,882882,59021
16.125000,883323,59040
16.130000,883764,59059
16.135000,884205,59078
16.140000,884646,59098
16.145000,885087,59117
16.150000,885528,59136
16.155000,885969,59155
16.160000,886410,59174
16.165000,886851,59194
16.170000,887292,59213
16.175000,887733,59232
16.225000,888174,59366
16.230000,888615,59386
16.235000,889056,59405
16.240000,889497,59424
16.245000,889938,59443
16.250000,890379,59462
16.255000,890820,59482
16.260000,891261,59501
16.265000,891702,59520
16.270000,892143,59539
16.300000,892584,59558
16.310000,893025,59578
16.315000,893466,59597
16.320000,893907,59616
16.325000,894348,59750
16.330000,894789,59770
16.335000,895230,59789
16.340000,895671,59808
16.345000,896112,59827
16.350000,896553,59846
16.355000,896994,59866
16.360000,897435,59885
16.365000,897876,59904
16.370000,898317,59923
16.375000,898758,59942
16.380000,899199,59962
16.385000,899640,59981
16.390000,900081,60000
16.395000,900522,60019
16.400000,900963,60038
16.405000,901404,60058
16.410000,901845,60077
16.415000,902286,60096
16.420000,902727,60115
16.425000,903168,60134
16.430000,903609,60154
16.435000,904050,60173
16.440000,904491,60192
16.445000,904932,60211
16.450000,905373,60230
16.660000,905814,60250
16.665000,906255,60269
16.670000,906696,60288
16.675000,907137,60307
16.680000,907578,60326
16.685000,908019,60346
16.690000,908460,60365
16.695000,908901,60384
16.700000,909342,60403
16.705000,909783,60410
16.710000,910224,60416
16.715000,910665,60422
16.720000,911106,60426
16.725000,911547,60430
16.730000,911988,60434
16.735000,912429,60438
16.740000,912870,60442
16.745000,913311,60461
16.750000,913752,60480
16.755000,914193,60499
16.760000,914634,60518
16.765000,915075,60538
16.770000,915516,60557
16.775000,915957,60576
16.780000,916398,60595
16.785000,916839,60614
16.790000,917280,60634
16.795000,917721,60653
16.800000,918162,60672
16.805000,918603,60691
16.810000,919044,60710
16.815000,919485,60730
16.820000,919926,60749
16.825000,920367,60768
16.830000,920808,60787
16.835000,921249,60806
16.840000,921690,60826
16.845000,922131,60845
16.850000,922572,60864
16.855000,923013,61210
16.860000,923454,61229
16.865000,923895,61248
16.870000,924336,61267
16.875000,924777,61286
16.880000,925218,61306
16.885000,925659,61325
16.890000,926100,61344
16.895000,926541,61363
16.935000,926982,61382
16.940000,927423,61402
16.945000,927864,61421
16.950000,928305,61440
16.955000,928746,61459
16.960000,929187,61478
16.965000,929628,61498
16.970000,930069,61517
16.975000,930510,61536
16.980000,930951,61555
16.985000,931392,61574
16.990000,931833,61594
16.995000,932274,61613
17.000000,932715,61632
17.005000,933156,61651
17.010000,933597,61670
17.015000,934038,61690
17.020000,934479,61709
17.025000,934920,61728
17.030000,935361,61747
17.035000,935802,61766
17.040000,936243,61786
17.045000,936684,61805
17.050000,937125,61824
17.055000,937566,61843
17.060000,938007,61862
17.065000,938448,61882
17.070000,938889,62323
17.075000,939330,62342
17.080000,939771,62362
17.085000,940212,62381
17.090000,940653,62400
17.095000,941094,62419
17.100000,941535,62438
17.105000,941976,62458
17.110000,942417,62477
17.115000,942858,62496
17.120000,943299,62515
17.125000,943740,62534
17.130000,944181,62880
17.135000,944622,62899
17.140000,945063,62918
17.145000,945504,62938
17.150000,945945,62957
17.155000,946386,62976
17.160000,946827,62995
17.165000,947268,63014
17.170000,947709,63034
17.175000,948150,63053
17.180000,948591,63072
17.185000,949032,63091
17.190000,949473,63110
17.195000,949914,63130
17.200000,950355,63149
17.205000,950796,63168
17.210000,951237,63187
17.215000,951678,63206
17.220000,952119,63226
17.225000,952560,63245
17.230000,953001,63264
17.235000,953442,63283
17.240000,953883,63302
17.245000,954324,63322
17.250000,954765,63341
17.255000,955206,63360
17.260000,955647,63398
17.265000,956088,63418
17.270000,956529,63437
17.275000,956970,63456
17.280000,957411,63475
17.285000,957852,63494
17.290000,958293,63514
17.295000,958734,63533
17.300000,959175,63552
17.305000,959616,63571
17.310000,960057,63590
17.315000,960498,63610
17.320000,960939,63629
17.325000,961380,63648
17.330000,961821,63667
17.370000,962262,63821
17.375000,962703,63840
17.385000,963144,63878
17.390000,963585,63898
17.395000,964026,63936
17.400000,964467,63955
17.405000,964908,63974
17.410000,965349,63994
17.415000,965790,64013
17.420000,966231,64032
17.425000,966672,64051
17.430000,967113,64070
17.435000,967554,64090
17.440000,967995,64109
17.445000,968436,64147
17.460000,968877,64166
17.465000,969318,64186
17.470000,969759,64205
17.475000,970200,64224
17.480000,970641,64243
17.485000,971082,64262
17.490000,971523,64282
17.495000,971964,64301
17.500000,972405,64320
17.505000,972846,64339
17.510000,973287,64358
17.515000,973728,64378
17.520000,974169,64397
17.525000,974610,64416
17.530000,975051,64435
17.535000,975492,64454
17.540000,975933,64474
17.545000,976374,64493
17.550000,976815,64512
17.555000,977256,64531
17.560000,977697,64550
17.565000,978138,64570
17.570000,978579,64589
17.575000,979020,64608
17.580000,979461,64627
17.715000,979902,65146
17.720000,980343,65165
17.725000,980784,65184
17.730000,981225,65203
17.735000,981666,65222
17.740000,982107,65242
17.745000,982548,65261
17.750000,982989,65280
17.755000,983430,65299
17.760000,983871,65318
17.765000,984312,65338
17.770000,984753,65357
17.775000,985194,65376
17.780000,985635,65395
17.785000,986076,65414
17.790000,986517,65434
17.795000,986958,65453
17.800000,987399,65472
17.805000,987840,65491
17.810000,988281,65510
17.815000,988722,65530
17.820000,989163,65549
17.825000,989604,65568
17.830000,990045,65587
17.835000,990486,65606
17.840000,990927,65626
17.945000,991368,66029
17.950000,991809,66048
17.955000,992250,66067
17.960000,992691,66086
17.965000,993132,66106
17.970000,993573,66125
17.975000,994014,66144
17.980000,994455,66163
17.985000,994896,66182
17.990000,995337,66202
17.995000,995778,66221
18.000000,996219,66240
18.005000,996660,66259
18.010000,997101,66278
18.015000,997542,66298
18.020000,997983,66317
18.025000,998424,66336
18.030000,998865,66355
18.035000,999306,66374
18.040000,999747,66394
18.045000,1000188,66413
18.050000,1000629,66432
18.055000,1001070,66451
18.155000,1001511,66835
18.160000,1001952,66854
18.165000,1002393,66874
18.170000,1002834,66893
18.175000,1003275,66912
18.180000,1003716,66931
18.185000,1004157,66950
18.190000,1004598,66970
18.195000,1005039,66989
18.200000,1005480,67008
18.205000,1005921,67027
18.210000,1006362,67046
18.215000,1006803,67066
18.220000,1007244,67085
18.225000,1007685,67104
18.230000,1008126,67123
18.235000,1008567,67142
18.240000,1009008,67162
18.245000,1009449,67181
18.250000,1009890,67200
18.255000,1010331,67219
18.260000,1010772,67238
18.265000,1011213,67258
18.270000,1011654,67277
18.275000,1012095,67296
18.280000,1012536,67315
18.285000,1012977,67334
18.290000,1013418,67354
18.295000,1013859,67373
18.300000,1014300,67392
18.305000,1014741,67411
18.310000,1015182,67430
18.315000,1015623,67450
18.320000,1016064,67469
18.370000,1016505,67661
18.375000,1016946,67680
18.395000,1017387,67757
18.415000,1017828,67834
18.425000,1018269,67872
18.430000,1018710,67891
18.435000,1019151,67910
18.440000,1019592,67930
18.445000,1020033,67949
18.450000,1020474,67968
18.455000,1020915,67987
18.460000,1021356,68006
18.475000,1021797,68064
18.480000,1022238,68083
18.485000,1022679,68102
18.490000,1023120,68122
18.495000,1023561,68141
18.500000,1024002,68160
18.505000,1024443,68179
18.510000,1024884,68198
18.515000,1025325,68218
18.520000,1025766,68237
18.525000,1026207,68256
18.530000,1026648,68275
18.535000,1027089,68294
18.540000,1027530,68314
18.545000,1027971,68333
18.550000,1028412,68352
18.555000,1028853,68371
18.560000,1029294,68390
18.565000,1029735,68410
18.570000,1030176,68429
18.575000,1030617,68448
18.580000,1031058,68467
18.585000,1031499,68486
18.590000,1031940,68506
18.595000,1032381,68525
18.600000,1032822,68544
18.605000,1033263,68563
18.715000,1033704,68986
18.720000,1034145,69005
18.725000,1034586,69024
18.730000,1035027,69043
18.735000,1035468,69062
18.740000,1035909,69082
18.745000,1036350,69101
18.750000,1036791,69120
18.755000,1037232,69139
18.760000,1037673,69158
18.765000,1038114,69178
18.770000,1038555,69197
18.775000,1038996,69216
18.780000,1039437,69235
18.785000,1039878,69254
18.790000,1040319,69274
18.795000,1040760,69293
18.800000,1041201,69312
18.805000,1041642,69331
18.810000,1042083,69350
18.815000,1042524,69370
18.820000,1042965,69389
18.825000,1043406,69408
18.830000,1043847,69427
18.835000,1044288,69446
18.840000,1044729,69466
18.845000,1045170,69485
18.850000,1045611,69888
18.855000,1046052,69907
18.860000,1046493,69926
18.865000,1046934,69946
18.870000,1047375,69965
18.875000,1047816,69984
18.880000,1048257,70003
18.985000,1048698,70022
18.990000,1049139,70042
18.995000,1049580,70061
19.000000,1050021,70080
19.005000,1050462,70099
19.010000,1050903,70118
19.015000,1051344,70138
19.020000,1051785,70157
19.025000,1052226,70176
19.030000,1052667,70195
19.035000,1053108,70214
19.040000,1053549,70234
19.045000,1053990,70253
19.050000,1054431,70272
19.055000,1054872,70291
19.060000,1055313,70310
19.065000,1055754,70330
19.070000,1056195,70771
19.075000,1056636,70790
19.080000,1057077,70810
19.085000,1057518,70829
19.090000,1057959,70848
19.095000,1058400,70867
19.100000,1058841,70886
19.105000,1059282,70906
19.110000,1059723,70925
19.115000,1060164,70944
19.120000,1060605,70963
19.125000,1061046,70982
19.130000,1061487,71002
19.245000,1061928,71021
19.250000,1062369,71040
19.255000,1062810,71059
19.260000,1063251,71078
19.265000,1063692,71098
19.270000,1064133,71117
19.275000,1064574,71136
19.280000,1065015,71155
19.285000,1065456,71174
19.290000,1065897,71194
19.295000,1066338,71213
19.300000,1066779,71232
19.305000,1067220,71251
19.360000,1067661,71462
19.365000,1068102,71482
19.370000,1068543,71501
19.375000,1068984,71520
19.380000,1069425,71539
19.385000,1069866,71558
19.390000,1070307,71578
19.395000,1070748,71597
19.400000,1071189,71616
19.405000,1071630,71635
19.410000,1072071,71654
19.415000,1072512,71674
19.420000,1072953,71693
19.425000,1073394,71712
19.430000,1073835,71731
19.435000,1074276,71750
19.440000,1074717,71770
19.480000,1075158,71923
19.485000,1075599,71942
19.490000,1076040,71962
19.495000,1076481,71981
19.500000,1076922,72000
19.505000,1077363,72019
19.510000,1077804,72038
19.525000,1078245,72096
19.535000,1078686,72134
19.540000,1079127,72154
19.545000,1079568,72173
19.550000,1080009,72192
19.555000,1080450,72211
19.560000,1080891,72230
19.565000,1081332,72250
19.570000,1081773,72269
19.575000,1082214,72288
19.580000,1082655,72307
19.585000,1083096,72326
19.590000,1083537,72346
19.595000,1083978,72365
19.600000,1084419,72384
19.605000,1084860,72403
19.610000,1085301,72422
19.615000,1085742,72442
19.620000,1086183,72461
19.625000,1086624,72480
19.630000,1087065,72499
19.635000,1087506,72518
19.640000,1087947,72538
19.645000,1088388,72557
19.735000,1088829,72902
19.740000,1089270,72922
19.745000,1089711,72941
19.750000,1090152,72960
19.755000,1090593,72979
19.760000,1091034,72998
19.765000,1091475,73018
19.770000,1091916,73037
19.775000,1092357,73056
19.780000,1092798,73075
19.785000,1093239,73094
19.790000,1093680,73114
19.795000,1094121,73133
19.800000,1094562,73152
19.805000,1095003,73171
19.810000,1095444,73190
19.815000,1095885,73210
19.920000,1096326,73613
19.925000,1096767,73632
19.930000,1097208,73651
19.935000,1097649,73670
19.940000,1098090,73690
19.945000,1098531,73709
19.950000,1098972,73728
19.955000,1099413,73747
19.960000,1099854,73766
19.965000,1100295,73786
19.970000,1100736,73805
19.975000,1101177,73824
19.980000,1101618,73843
19.985000,1102059,73862
19.990000,1102500,73882
19.995000,1102941,73901
20.000000,1103382,73920
20.005000,1103823,73939
20.010000,1104264,73958
20.015000,1104705,73978
20.020000,1105146,73997
20.025000,1105587,74016
20.030000,1106028,74035
20.035000,1106469,74054
20.040000,1106910,74074
20.045000,1107351,74093
20.050000,1107792,74112
20.055000,1108233,74131
20.145000,1108674,74477
20.150000,1109115,74496
20.155000,1109556,74515
20.160000,1109997,74534
20.165000,1110438,74554
20.170000,1110879,74573
20.175000,1111320,74592
20.180000,1111761,74611
20.185000,1112202,74630
20.190000,1112643,74650
20.195000,1113084,74669
20.200000,1113525,74688
20.205000,1113966,74707
20.210000,1114407,74726
20.215000,1114848,74746
20.220000,1115289,74765
20.225000,1115730,74784
20.230000,1116171,74803
20.235000,1116612,74822
20.240000,1117053,74842
20.245000,1117494,74861
20.255000,1117935,74899
20.300000,1118376,75072
20.305000,1118817,75091
20.310000,1119258,75110
20.330000,1119699,75187
20.335000,1120140,75206
20.340000,1120581,75226
20.345000,1121022,75245
20.350000,1121463,75264
20.355000,1121904,75283
20.360000,1122345,75302
20.365000,1122786,75322
20.370000,1123227,75341
20.375000,1123668,75360
20.380000,1124109,75379
20.385000,1124550,75398
20.390000,1124991,75418
20.395000,1125432,75437
20.400000,1125873,75456
20.405000,1126314,75475
20.410000,1126755,75494
20.415000,1127196,75514
20.420000,1127637,75533
20.425000,1128078,75552
20.430000,1128519,75571
20.435000,1128960,75590
20.465000,1129401,75706
20.470000,1129842,75725
20.475000,1130283,75744
20.480000,1130724,75763
20.485000,1131165,75782
20.490000,1131606,75802
20.495000,1132047,75821
20.500000,1132488,75840
20.505000,1132929,75859
20.510000,1133370,75878
20.515000,1133811,75898
20.520000,1134252,75917
20.525000,1134693,75936
20.530000,1135134,75955
20.535000,1135575,75974
20.540000,1136016,75994
20.545000,1136457,76013
20.550000,1136898,76032
20.555000,1137339,76051
20.560000,1137780,76070
20.565000,1138221,76090
20.570000,1138662,76109
20.575000,1139103,76128
20.580000,1139544,76147
20.585000,1139985,76166
20.590000,1140426,76186
20.595000,1140867,76205
20.600000,1141308,76224
20.605000,1141749,76243
20.720000,1142190,76685
20.725000,1142631,76704
20.730000,1143072,76723
20.735000,1143513,76742
20.740000,1143954,76762
20.745000,1144395,76781
20.750000,1144836,76800
20.755000,1145277,76819
20.760000,1145718,76838
20.765000,1146159,76858
20.770000,1146600,76877
20.775000,1147041,76896
20.780000,1147482,76915
20.785000,1147923,76934
20.790000,1148364,76954
20.795000,1148805,76973
20.800000,1149246,76992
20.805000,1149687,77011
20.810000,1150128,77030
20.815000,1150569,77050
20.820000,1151010,77069
20.825000,1151451,77088
20.830000,1151892,77107
20.835000,1152333,77126
20.840000,1152774,77146
20.845000,1153215,77165
20.850000,1153656,77184
20.855000,1154097,77203
20.860000,1154538,77222
20.865000,1154979,77242
20.870000,1155420,77261
20.875000,1155861,77280
20.880000,1156302,77299
20.885000,1156743,77318
20.890000,1157184,77338
20.895000,1157625,77357
20.900000,1158066,77376
20.980000,1158507,77664
20.985000,1158948,77683
20.990000,1159389,77722
20.995000,1159830,77741
21.000000,1160271,77760
21.005000,1160712,77779
21.010000,1161153,77798
21.015000,1161594,77818
21.020000,1162035,77837
21.025000,1162476,77856
21.030000,1162917,77875
21.035000,1163358,77894
21.040000,1163799,77914
21.045000,1164240,77933
21.050000,1164681,77952
21.055000,1165122,77971
21.060000,1165563,77990
21.065000,1166004,78010
21.070000,1166445,78029
21.075000,1166886,78048
21.080000,1167327,78067
21.085000,1167768,78086
21.090000,1168209,78106
21.095000,1168650,78125
21.100000,1169091,78144
21.105000,1169532,78163
21.110000,1169973,78182
21.115000,1170414,78202
21.120000,1170855,78221
21.125000,1171296,78240
21.130000,1171737,78259
21.135000,1172178,78278
21.140000,1172619,78298
21.145000,1173060,78317
21.150000,1173501,78336
21.155000,1173942,78355
21.160000,1174383,78374
21.165000,1174824,78394
21.170000,1175265,78413
21.175000,1175706,78432
21.180000,1176147,78451
21.185000,1176588,78470
21.190000,1177029,78490
21.195000,1177470,78509
21.200000,1177911,78528
21.205000,1178352,78547
21.210000,1178793,78566
21.215000,1179234,78586
21.220000,1179675,78605
21.225000,1180116,78624
21.230000,1180557,78643
21.235000,1180998,78662
21.240000,1181439,78682
21.245000,1181880,78701
21.250000,1182321,78720
21.255000,1182762,78739
21.260000,1183203,78758
21.265000,1183644,78778
21.270000,1184085,78797
21.275000,1184526,78816
21.280000,1184967,78835
21.285000,1185408,78854
21.290000,1185849,78874
21.295000,1186290,78893
21.300000,1186731,78912
21.305000,1187172,78931
21.420000,1187613,79373
21.425000,1188054,79392
21.430000,1188495,79411
21.435000,1188936,79430
21.440000,1189377,79450
21.445000,1189818,79469
21.450000,1190259,79488
21.455000,1190700,79507
21.460000,1191141,79526
21.465000,1191582,79546
21.470000,1192023,79565
21.475000,1192464,79584
21.480000,1192905,79603
21.485000,1193346,79622
21.490000,1193787,79642
21.495000,1194228,79661
21.500000,1194669,79680
21.505000,1195110,79699
21.510000,1195551,79718
21.515000,1195992,79738
21.520000,1196433,79757
21.525000,1196874,79776
21.530000,1197315,79795
21.535000,1197756,79814
21.540000,1198197,79834
21.545000,1198638,79853
21.550000,1199079,79872
21.555000,1199520,79891
21.560000,1199961,79910
21.565000,1200402,79930
21.570000,1200843,79949
21.575000,1201284,79968
21.580000,1201725,79987
21.585000,1202166,80006
21.590000,1202607,80026
21.595000,1203048,80045
21.600000,1203489,80064
21.605000,1203930,80083
21.610000,1204371,80102
21.615000,1204812,80122
21.620000,1205253,80141
21.625000,1205694,80160
21.630000,1206135,80179
21.635000,1206576,80198
21.640000,1207017,80218
21.645000,1207458,80237
21.650000,1207899,80256
21.655000,1208340,80275
21.660000,1208781,80294
21.665000,1209222,80314
21.670000,1209663,80333
21.675000,1210104,80352
21.680000,1210545,80371
21.685000,1210986,80390
21.690000,1211427,80410
21.695000,1211868,80429
21.700000,1212309,80448
21.705000,1212750,80467
21.720000,1213191,80525
21.725000,1213632,80544
21.730000,1214073,80563
21.735000,1214514,80582
21.740000,1214955,80602
21.745000,1215396,80621
21.750000,1215837,80640
21.755000,1216278,80659
21.760000,1216719,80678
21.765000,1217160,80698
21.770000,1217601,80717
21.775000,1218042,80736
21.780000,1218483,80755
21.785000,1218924,80774
21.790000,1219365,80794
21.795000,1219806,80813
21.800000,1220247,80832
21.805000,1220688,80851
21.810000,1221129,80870
21.815000,1221570,80890
21.820000,1222011,80909
21.825000,1222452,80928
21.830000,1222893,80947
21.835000,1223334,80966
21.840000,1223775,80986
21.845000,1224216,81005
21.850000,1224657,81024
21.855000,1225098,81043
21.860000,1225539,81062
21.865000,1225980,81082
21.870000,1226421,81101
21.875000,1226862,81120
21.880000,1227303,81139
21.885000,1227744,81158
21.890000,1228185,81178
21.895000,1228626,81197
21.900000,1229067,81216
21.905000,1229508,81235
21.925000,1229949,81312
21.930000,1230390,81331
21.955000,1230831,81408
21.960000,1231272,81427
21.965000,1231713,81446
21.970000,1232154,81466
21.975000,1232595,81485
21.980000,1233036,81504
21.985000,1233477,81523
21.990000,1233918,81562
21.995000,1234359,81581
22.000000,1234800,81600
22.005000,1235241,81619
22.010000,1235682,81638
22.015000,1236123,81658
22.020000,1236564,81677
22.025000,1237005,81696
22.030000,1237446,81715
22.035000,1237887,81734
22.040000,1238328,81754
22.050000,1238769,81792
22.055000,1239210,81811
22.060000,1239651,81830
22.065000,1240092,81850
22.070000,1240533,81869
22.075000,1240974,81888
22.080000,1241415,81907
22.085000,1241856,81926
22.090000,1242297,81946
22.095000,1242738,81965
22.100000,1243179,81984
22.105000,1243620,82003
22.110000,1244061,82022
22.115000,1244502,82042
22.120000,1244943,82061
22.125000,1245384,82080
22.130000,1245825,82099
22.135000,1246266,82118
22.140000,1246707,82138
22.250000,1247148,82560
22.255000,1247589,82579
22.260000,1248030,82598
22.265000,1248471,82618
22.270000,1248912,82637
22.275000,1249353,82656
22.280000,1249794,82675
22.285000,1250235,82694
22.290000,1250676,82714
22.295000,1251117,82733
22.300000,1251558,82752
22.305000,1251999,82771
22.310000,1252440,82790
22.315000,1252881,82810
22.320000,1253322,82829
22.325000,1253763,82848
22.330000,1254204,82867
22.335000,1254645,82886
22.340000,1255086,82906
22.345000,1255527,82925
22.350000,1255968,82944
22.355000,1256409,82963
22.360000,1256850,82982
22.365000,1257291,83002
22.500000,1257732,83520
22.505000,1258173,83539
22.510000,1258614,83558
22.515000,1259055,83578
22.520000,1259496,83597
22.525000,1259937,83616
22.530000,1260378,83635
22.535000,1260819,83654
22.540000,1261260,83674
22.545000,1261701,83693
22.550000,1262142,83712
22.555000,1262583,83731
22.560000,1263024,83750
22.565000,1263465,83770
22.570000,1263906,83789
22.575000,1264347,83808
22.580000,1264788,83827
22.585000,1265229,83846
22.590000,1265670,83866
22.595000,1266111,83885
22.600000,1266552,83904
22.605000,1266993,83923
22.610000,1267434,83942
22.615000,1267875,83962
22.620000,1268316,83981
22.705000,1268757,84307
22.710000,1269198,84326
22.715000,1269639,84346
22.720000,1270080,84365
22.725000,1270521,84384
22.730000,1270962,84403
22.735000,1271403,84422
22.740000,1271844,84442
22.745000,1272285,84461
22.750000,1272726,84480
22.755000,1273167,84499
22.760000,1273608,84518
22.765000,1274049,84538
22.770000,1274490,84557
22.775000,1274931,84576
22.780000,1275372,84595
22.785000,1275813,84614
22.790000,1276254,84634
22.795000,1276695,84653
22.800000,1277136,84672
22.805000,1277577,84691
22.810000,1278018,84710
22.815000,1278459,84730
22.820000,1278900,84749
22.825000,1279341,84768
22.830000,1279782,84787
22.835000,1280223,84806
22.840000,1280664,84826
22.845000,1281105,84845
22.850000,1281546,84864
22.855000,1281987,84883
22.860000,1282428,84902
22.865000,1282869,84922
22.870000,1283310,84941
22.875000,1283751,84960
22.880000,1284192,84979
22.885000,1284633,84998
22.890000,1285074,85018
22.895000,1285515,85037
22.900000,1285956,85056
22.905000,1286397,85075
22.910000,1286838,85094
22.915000,1287279,85114
22.920000,1287720,85133
22.990000,1288161,85402
22.995000,1288602,85421
23.000000,1289043,85440
23.005000,1289484,85459
23.010000,1289925,85478
23.015000,1290366,85498
23.020000,1290807,85517
23.025000,1291248,85536
23.050000,1291689,85632
23.120000,1292130,85901
23.125000,1292571,85920
23.130000,1293012,85939
23.135000,1293453,85958
23.140000,1293894,85978
23.145000,1294335,85997
23.150000,1294776,86016
23.155000,1295217,86035
23.160000,1295658,86054
23.165000,1296099,86074
23.170000,1296540,86093
23.175000,1296981,86112
23.180000,1297422,86131
23.185000,1297863,86150
23.190000,1298304,86170
23.195000,1298745,86189
23.200000,1299186,86208
23.205000,1299627,86227
23.210000,1300068,86246
23.215000,1300509,86266
23.220000,1300950,86285
23.225000,1301391,86304
23.230000,1301832,86323
23.235000,1302273,86342
23.240000,1302714,86362
23.245000,1303155,86381
23.250000,1303596,86400
23.255000,1304037,86419
23.260000,1304478,86438
23.270000,1304919,86496
23.275000,1305360,86515
23.280000,1305801,86534
23.285000,1306242,86554
23.290000,1306683,86573
23.295000,1307124,86592
23.300000,1307565,86611
23.305000,1308006,86630
23.310000,1308447,86650
23.315000,1308888,86669
23.320000,1309329,86688
23.325000,1309770,86707
23.330000,1310211,86726
23.335000,1310652,86746
23.340000,1311093,86765
23.370000,1311534,86861
23.395000,1311975,86957
23.400000,1312416,86976
23.405000,1312857,86995
23.410000,1313298,87014
23.415000,1313739,87034
23.420000,1314180,87053
23.425000,1314621,87072
23.430000,1315062,87091
23.435000,1315503,87110
23.440000,1315944,87130
23.445000,1316385,87149
23.450000,1316826,87168
23.455000,1317267,87187
23.460000,1317708,87206
23.465000,1318149,87226
23.470000,1318590,87245
23.475000,1319031,87264
23.480000,1319472,87283
23.485000,1319913,87302
23.490000,1320354,87322
23.495000,1320795,87341
23.500000,1321236,87360
23.505000,1321677,87379
23.510000,1322118,87398
23.515000,1322559,87418
23.520000,1323000,87437
23.525000,1323441,87456
23.530000,1323882,87475
23.535000,1324323,87494
23.540000,1324764,87514
23.545000,1325205,87533
23.550000,1325646,87552
23.555000,1326087,87571
23.560000,1326528,87590
23.565000,1326969,87610
23.570000,1327410,87629
23.575000,1327851,87648
23.580000,1328292,87667
23.585000,1328733,87686
23.655000,1329174,87955
23.660000,1329615,87974
23.665000,1330056,87994
23.670000,1330497,88013
23.675000,1330938,88032
23.680000,1331379,88051
23.685000,1331820,88070
23.690000,1332261,88090
23.695000,1332702,88109
23.700000,1333143,88128
23.705000,1333584,88147
23.710000,1334025,88166
23.715000,1334466,88186
23.720000,1334907,88205
23.725000,1335348,88224
23.730000,1335789,88243
23.735000,1336230,88262
23.740000,1336671,88282
23.745000,1337112,88301
23.750000,1337553,88320
23.755000,1337994,88339
23.760000,1338435,88358
23.765000,1338876,88378
23.770000,1339317,88397
23.775000,1339758,88416
23.780000,1340199,88435
23.785000,1340640,88454
23.790000,1341081,88474
23.795000,1341522,88493
23.800000,1341963,88512
23.805000,1342404,88531
23.810000,1342845,88550
23.815000,1343286,88570
23.820000,1343727,88589
23.825000,1344168,88608
23.830000,1344609,88627
23.835000,1345050,88646
23.840000,1345491,88666
23.875000,1345932,88800
23.885000,1346373,88838
23.890000,1346814,88858
23.910000,1347255,88934
23.915000,1347696,88954
23.920000,1348137,88973
23.950000,1348578,89088
23.955000,1349019,89107
23.960000,1349460,89126
23.965000,1349901,89146
23.970000,1350342,89165
23.975000,1350783,89184
23.980000,1351224,89203
23.985000,1351665,89222
23.990000,1352106,89242
23.995000,1352547,89261
24.000000,1352988,89280
24.005000,1353429,89299
24.010000,1353870,89318
24.015000,1354311,89338
24.020000,1354752,89357
24.025000,1355193,89376
24.030000,1355634,89395
24.035000,1356075,89414
24.040000,1356516,89434
24.045000,1356957,89453
24.050000,1357398,89472
24.055000,1357839,89491
24.060000,1358280,89510
24.065000,1358721,89530
24.070000,1359162,89549
24.075000,1359603,89568
24.080000,1360044,89587
24.085000,1360485,89606
24.090000,1360926,89626
24.095000,1361367,89645
24.100000,1361808,89664
24.105000,1362249,89683
24.110000,1362690,89702
24.115000,1363131,89722
24.120000,1363572,89741
24.125000,1364013,89760
24.130000,1364454,89779
24.135000,1364895,89798
24.140000,1365336,89818
24.145000,1365777,89837
24.150000,1366218,89856
24.155000,1366659,89875
24.160000,1367100,89894
24.165000,1367541,89914
24.170000,1367982,89933
24.175000,1368423,89952
24.180000,1368864,89971
24.185000,1369305,89990
24.190000,1369746,90010
24.195000,1370187,90029
24.200000,1370628,90048
24.205000,1371069,90067
24.210000,1371510,90086
24.215000,1371951,90106
24.220000,1372392,90125
24.225000,1372833,90144
24.230000,1373274,90163
24.235000,1373715,90182
24.240000,1374156,90202
24.245000,1374597,90221
24.250000,1375038,90240
24.255000,1375479,90259
24.260000,1375920,90278
24.265000,1376361,90298
24.270000,1376802,90317
24.275000,1377243,90336
24.280000,1377684,90355
24.285000,1378125,90374
24.290000,1378566,90394
24.295000,1379007,90413
24.300000,1379448,90432
24.305000,1379889,90451
24.310000,1380330,90470
24.315000,1380771,90490
24.320000,1381212,90509
24.325000,1381653,90528
24.330000,1382094,90547
24.335000,1382535,90566
24.340000,1382976,90586
24.345000,1383417,90605
24.350000,1383858,90624
24.355000,1384299,90643
24.360000,1384740,90662
24.365000,1385181,90682
24.370000,1385622,90701
24.375000,1386063,90720
24.380000,1386504,90739
24.385000,1386945,90758
24.390000,1387386,90778
24.395000,1387827,90797
24.475000,1388268,91104
24.480000,1388709,91123
24.485000,1389150,91142
24.490000,1389591,91162
24.495000,1390032,91181
24.500000,1390473,91200
24.505000,1390914,91219
24.510000,1391355,91238
24.515000,1391796,91258
24.520000,1392237,91277
24.525000,1392678,91296
24.530000,1393119,91315
24.535000,1393560,91334
24.540000,1394001,91354
24.545000,1394442,91373
24.550000,1394883,91392
24.555000,1395324,91411
24.560000,1395765,91430
24.565000,1396206,91450
24.570000,1396647,91469
24.575000,1397088,91488
24.580000,1397529,91507
24.585000,1397970,91526
24.590000,1398411,91546
24.595000,1398852,91565
24.600000,1399293,91584
24.605000,1399734,91603
24.610000,1400175,91622
24.615000,1400616,91642
24.620000,1401057,91661
24.625000,1401498,91680
24.630000,1401939,91699
24.720000,1402380,92045
24.725000,1402821,92064
24.730000,1403262,92083
24.735000,1403703,92102
24.740000,1404144,92122
24.745000,1404585,92141
24.750000,1405026,92160
24.755000,1405467,92179
24.760000,1405908,92198
24.765000,1406349,92218
24.770000,1406790,92237
24.775000,1407231,92256
24.780000,1407672,92275
24.785000,1408113,92294
24.790000,1408554,92314
24.795000,1408995,92333
24.800000,1409436,92352
24.805000,1409877,92371
24.810000,1410318,92390
24.815000,1410759,92410
24.820000,1411200,92429
24.855000,1411641,92563
24.860000,1412082,92582
24.865000,1412523,92602
24.870000,1412964,92621
24.875000,1413405,92640
24.880000,1413846,92659
24.885000,1414287,92678
24.890000,1414728,92698
24.895000,1415169,92717
24.900000,1415610,92736
24.905000,1416051,92755
24.910000,1416492,92774
24.915000,1416933,92794
24.920000,1417374,92813
24.925000,1417815,92832
24.930000,1418256,92851
24.935000,1418697,92870
24.940000,1419138,92890
24.945000,1419579,92909
24.950000,1420020,92928
24.955000,1420461,92947
24.980000,1420902,93043
24.985000,1421343,93062
24.990000,1421784,93082
24.995000,1422225,93101
25.000000,1422666,93120
25.030000,1423107,93235
25.040000,1423548,93274
25.045000,1423989,93293
25.050000,1424430,93312
25.055000,1424871,93331
25.060000,1425312,93350
25.065000,1425753,93370
25.080000,1426194,93562
25.085000,1426635,93581
25.090000,1427076,93600
25.095000,1427517,93619
25.100000,1427958,93638
25.105000,1428399,93658
25.110000,1428840,93677
25.115000,1429281,93696
25.120000,1429722,93715
25.125000,1430163,93734
25.130000,1430604,93754
25.135000,1431045,93773
25.140000,1431486,93792
25.145000,1431927,93811
25.150000,1432368,93830
25.155000,1432809,93850
25.160000,1433250,93869
25.165000,1433691,93888
25.170000,1434132,93907
25.175000,1434573,93926
25.180000,1435014,93946
25.185000,1435455,93965
25.190000,1435896,93984
25.195000,1436337,94003
25.200000,1436778,94022
25.205000,1437219,94042
25.210000,1437660,94061
25.215000,1438101,94080
25.220000,1438542,94099
25.225000,1438983,94118
25.230000,1439424,94138
25.235000,1439865,94157
25.240000,1440306,94176
25.245000,1440747,94195
25.250000,1441188,94214
25.255000,1441629,94234
25.260000,1442070,94253
25.265000,1442511,94272
25.270000,1442952,94291
25.275000,1443393,94310
25.280000,1443834,94330
25.285000,1444275,94349
25.290000,1444716,94368
25.295000,1445157,94387
25.300000,1445598,94406
25.305000,1446039,94426
25.310000,1446480,94445
25.315000,1446921,94464
25.320000,1447362,94483
25.325000,1447803,94502
25.330000,1448244,94522
25.335000,1448685,94541
25.340000,1449126,94560
25.345000,1449567,94579
25.350000,1450008,94598
25.355000,1450449,94618
25.360000,1450890,94637
25.365000,1451331,94656
25.370000,1451772,94675
25.375000,1452213,94694
25.380000,1452654,94714
25.385000,1453095,94733
25.390000,1453536,94752
25.395000,1453977,94771
25.400000,1454418,94790
25.405000,1454859,94810
25.450000,1455300,94848
25.455000,1455741,94867
25.460000,1456182,94886
25.465000,1456623,94906
25.470000,1457064,94925
25.475000,1457505,94944
25.480000,1457946,94963
25.485000,1458387,94982
25.490000,1458828,95002
25.495000,1459269,95021
25.500000,1459710,95040
25.505000,1460151,95059
25.510000,1460592,95078
25.515000,1461033,95098
25.520000,1461474,95117
25.525000,1461915,95136
25.530000,1462356,95155
25.535000,1462797,95174
25.540000,1463238,95194
25.545000,1463679,95213
25.550000,1464120,95232
25.555000,1464561,95251
25.560000,1465002,95270
25.565000,1465443,95290
25.570000,1465884,95309
25.575000,1466325,95328
25.580000,1466766,95347
25.585000,1467207,95366
25.590000,1467648,95386
25.595000,1468089,95405
25.600000,1468530,95424
25.605000,1468971,95443
25.610000,1469412,95462
25.615000,1469853,95482
25.750000,1470294,96000
25.765000,1470735,96058
25.770000,1471176,96077
25.775000,1471617,96096
25.780000,1472058,96115
25.785000,1472499,96134
25.790000,1472940,96154
25.795000,1473381,96173
25.800000,1473822,96192
25.805000,1474263,96211
25.810000,1474704,96230
25.815000,1475145,96250
25.820000,1475586,96269
25.825000,1476027,96288
25.830000,1476468,96307
25.835000,1476909,96326
25.840000,1477350,96346
25.845000,1477791,96365
25.850000,1478232,96384
25.855000,1478673,96403
25.860000,1479114,96422
25.865000,1479555,96442
25.870000,1479996,96461
25.875000,1480437,96480
25.880000,1480878,96499
25.885000,1481319,96518
25.890000,1481760,96538
25.895000,1482201,96557
25.900000,1482642,96576
25.905000,1483083,96595
25.910000,1483524,96614
25.915000,1483965,96634
25.920000,1484406,96653
25.925000,1484847,96672
25.930000,1485288,96691
25.935000,1485729,96710
25.940000,1486170,96730
25.945000,1486611,96749
25.950000,1487052,96768
25.955000,1487493,96787
25.960000,1487934,96806
25.965000,1488375,96826
25.970000,1488816,96845
25.975000,1489257,96864
25.980000,1489698,96883
25.985000,1490139,96902
25.990000,1490580,96922
25.995000,1491021,96941
26.000000,1491462,96960
26.005000,1491903,96979
26.010000,1492344,96998
26.015000,1492785,97018
26.020000,1493226,97037
26.025000,1493667,97056
26.030000,1494108,97075
26.035000,1494549,97094
26.040000,1494990,97114
26.045000,1495431,97133
26.050000,1495872,97152
26.055000,1496313,97171
26.060000,1496754,97190
26.065000,1497195,97210
26.070000,1497636,97229
26.075000,1498077,97248
26.080000,1498518,97267
26.085000,1498959,97286
26.090000,1499400,97306
26.095000,1499841,97325
26.100000,1500282,97344
26.105000,1500723,97363
26.110000,1501164,97382
26.115000,1501605,97402
26.120000,1502046,97421
26.125000,1502487,97440
26.130000,1502928,97459
26.135000,1503369,97478
26.265000,1503810,97978
26.270000,1504251,97997
26.275000,1504692,98016
26.280000,1505133,98035
26.285000,1505574,98054
26.290000,1506015,98074
26.295000,1506456,98093
26.300000,1506897,98112
26.305000,1507338,98131
26.310000,1507779,98150
26.315000,1508220,98170
26.320000,1508661,98189
26.325000,1509102,98208
26.330000,1509543,98227
26.335000,1509984,98246
26.340000,1510425,98266
26.345000,1510866,98285
26.350000,1511307,98304
26.355000,1511748,98323
26.360000,1512189,98342
26.365000,1512630,98362
26.370000,1513071,98381
26.375000,1513512,98400
26.380000,1513953,98419
26.480000,1514394,98803
26.485000,1514835,98822
26.490000,1515276,98842
26.495000,1515717,98861
26.500000,1516158,98880
26.505000,1516599,98899
26.510000,1517040,98918
26.515000,1517481,98938
26.520000,1517922,98957
26.525000,1518363,98976
26.530000,1518804,98995
26.535000,1519245,99014
26.540000,1519686,99034
26.545000,1520127,99053
26.550000,1520568,99072
26.555000,1521009,99091
26.560000,1521450,99110
26.565000,1521891,99130
26.570000,1522332,99149
26.575000,1522773,99168
26.580000,1523214,99187
26.585000,1523655,99206
26.590000,1524096,99226
26.595000,1524537,99245
26.600000,1524978,99264
26.605000,1525419,99283
26.610000,1525860,99302
26.615000,1526301,99322
26.620000,1526742,99341
26.625000,1527183,99360
26.630000,1527624,99379
26.635000,1528065,99398
26.640000,1528506,99418
26.645000,1528947,99437
26.650000,1529388,99456
26.655000,1529829,99475
26.735000,1530270,99782
26.740000,1530711,99802
26.745000,1531152,99821
26.750000,1531593,99840
26.755000,1532034,99859
26.760000,1532475,99878
26.765000,1532916,99898
26.770000,1533357,99917
26.775000,1533798,99936
26.780000,1534239,99955
26.785000,1534680,99974
26.790000,1535121,99994
26.795000,1535562,100013
26.800000,1536003,100032
26.805000,1536444,100051
26.810000,1536885,100070
26.815000,1537326,100090
26.820000,1537767,100109
26.825000,1538208,100128
26.830000,1538649,100147
26.835000,1539090,100166
26.840000,1539531,100186
26.845000,1539972,100205
26.850000,1540413,100224
26.855000,1540854,100243
26.860000,1541295,100262
26.865000,1541736,100282
26.870000,1542177,100301
26.875000,1542618,100320
26.880000,1543059,100339
26.885000,1543500,100358
26.890000,1543941,100378
26.895000,1544382,100397
26.900000,1544823,100416
26.905000,1545264,100435
26.910000,1545705,100454
26.915000,1546146,100474
26.995000,1546587,100781
27.000000,1547028,100800
27.005000,1547469,100819
27.010000,1547910,100838
27.015000,1548351,100858
27.020000,1548792,100877
27.025000,1549233,100896
27.030000,1549674,100915
27.035000,1550115,100934
27.040000,1550556,100954
27.045000,1550997,100973
27.050000,1551438,100992
27.055000,1551879,101011
27.060000,1552320,101030
27.065000,1552761,101050
27.070000,1553202,101069
27.075000,1553643,101088
27.080000,1554084,101107
27.085000,1554525,101126
27.150000,1554966,101376
27.155000,1555407,101395
27.160000,1555848,101414
27.165000,1556289,101434
27.170000,1556730,101453
27.175000,1557171,101472
27.180000,1557612,101491
27.185000,1558053,101510
27.190000,1558494,101530
27.195000,1558935,101549
27.200000,1559376,101568
27.205000,1559817,101587
27.210000,1560258,101606
27.215000,1560699,101626
27.220000,1561140,101645
27.225000,1561581,101664
27.230000,1562022,101683
27.235000,1562463,101702
27.240000,1562904,101722
27.245000,1563345,101741
27.250000,1563786,101760
27.255000,1564227,101779
27.260000,1564668,101798
27.265000,1565109,101818
27.270000,1565550,101837
27.275000,1565991,101856
27.280000,1566432,101875
27.285000,1566873,101894
27.290000,1567314,101914
27.295000,1567755,101933
27.300000,1568196,101952
27.360000,1568637,102182
27.365000,1569078,102202
27.370000,1569519,102221
27.375000,1569960,102240
27.380000,1570401,102259
27.385000,1570842,102278
27.390000,1571283,102298
27.395000,1571724,102317
27.400000,1572165,102336
27.405000,1572606,102355
27.410000,1573047,102374
27.415000,1573488,102394
27.420000,1573929,102413
27.425000,1574370,102432
27.430000,1574811,102451
27.435000,1575252,102470
27.440000,1575693,102490
27.445000,1576134,102509
27.450000,1576575,102528
27.455000,1577016,102547
27.460000,1577457,102566
27.465000,1577898,102586
27.470000,1578339,102605
27.475000,1578780,102624
27.480000,1579221,102643
27.485000,1579662,102662
27.490000,1580103,102682
27.495000,1580544,102701
27.500000,1580985,102720
27.505000,1581426,102739
27.510000,1581867,102758
27.515000,1582308,102778
27.520000,1582749,102797
27.525000,1583190,102816
27.530000,1583631,102835
27.535000,1584072,102854
27.540000,1584513,102874
27.545000,1584954,102893
27.550000,1585395,102912
27.555000,1585836,102931
27.560000,1586277,102950
27.565000,1586718,102970
27.570000,1587159,102989
27.575000,1587600,103008
27.580000,1588041,103027
27.585000,1588482,103046
27.590000,1588923,103066
27.595000,1589364,103085
27.600000,1589805,103104
27.605000,1590246,103123
27.610000,1590687,103142
27.615000,1591128,103162
27.620000,1591569,103181
27.625000,1592010,103200
27.630000,1592451,103219
27.635000,1592892,103238
27.640000,1593333,103258
27.645000,1593774,103277
27.650000,1594215,103296
27.655000,1594656,103315
27.660000,1595097,103334
27.665000,1595538,103354
27.670000,1595979,103373
27.675000,1596420,103392
27.680000,1596861,103411
27.685000,1597302,103430
27.690000,1597743,103450
27.695000,1598184,103469
27.700000,1598625,103488
27.705000,1599066,103507
27.710000,1599507,103526
27.715000,1599948,103546
27.720000,1600389,103565
27.725000,1600830,103584
27.730000,1601271,103603
27.735000,1601712,103622
27.740000,1602153,103642
27.745000,1602594,103661
27.750000,1603035,103680
27.755000,1603476,103699
27.760000,1603917,103718
27.765000,1604358,103738
27.770000,1604799,103757
27.775000,1605240,103776
27.780000,1605681,103795
27.785000,1606122,103814
27.790000,1606563,103834
27.795000,1607004,103853
27.800000,1607445,103872
27.805000,1607886,103891
27.810000,1608327,103910
27.815000,1608768,103930
27.820000,1609209,103949
27.825000,1609650,103968
27.830000,1610091,103987
27.835000,1610532,104006
27.840000,1610973,104026
27.845000,1611414,104045
27.850000,1611855,104064
27.855000,1612296,104083
27.860000,1612737,104102
27.865000,1613178,104122
27.870000,1613619,104141
27.875000,1614060,104160
27.880000,1614501,104179
27.885000,1614942,104198
27.890000,1615383,104218
27.895000,1615824,104237
27.900000,1616265,104256
27.905000,1616706,104275
27.910000,1617147,104294
27.915000,1617588,104314
27.920000,1618029,104333
27.925000,1618470,104352
27.930000,1618911,104371
27.935000,1619352,104390
27.940000,1619793,104410
27.945000,1620234,104429
27.947500,1620675,104438
27.950000,1621116,104448
27.955000,1621557,104467
27.960000,1621998,104486
27.965000,1622439,104506
27.970000,1622880,104525
27.975000,1623321,104544
27.976667,1623762,104550
27.978333,1624203,104557
27.980000,1624644,104563
27.985000,1625085,104582
27.990000,1625526,104602
27.995000,1625967,104621
27.997500,1626408,104630
28.000000,1626849,104640
28.005000,1627290,104659
28.010000,1627731,104678
28.015000,1628172,104698
28.020000,1628613,104717
28.025000,1629054,104736
28.030000,1629495,104755
28.035000,1629936,104774
28.040000,1630377,104794
28.045000,1630818,104813
28.047500,1631259,104832
28.050000,1631700,104851
28.051000,1632141,104870
28.052000,1632582,104890
28.053000,1633023,104909
28.054000,1633464,104928
28.055000,1633905,104947
28.057500,1634346,104966
28.060000,1634787,104986
28.065000,1635228,105005
28.070000,1635669,105024
28.071667,1636110,105043
28.073333,1636551,105062
28.075000,1636992,105082
28.077500,1637433,105101
28.080000,1637874,105120
28.085000,1638315,105139
28.090000,1638756,105158
28.095000,1639197,105178
28.100000,1639638,105197
28.105000,1640079,105216
28.110000,1640520,105235
28.115000,1640961,105254
28.117500,1641402,105274
28.120000,1641843,105293
28.125000,1642284,105312
28.130000,1642725,105331
28.135000,1643166,105350
28.140000,1643607,105370
28.145000,1644048,105389
28.150000,1644489,105408
28.155000,1644930,105427
28.160000,1645371,105446
28.165000,1645812,105466
28.170000,1646253,105485
28.175000,1646694,105504
28.180000,1647135,105600
28.185000,1647576,105619
28.190000,1648017,105638
28.195000,1648458,105658
28.200000,1648899,105677
28.205000,1649340,105792
28.210000,1649781,106080
28.215000,1650222,106099
28.220000,1650663,106118
28.225000,1651104,106138
28.230000,1651545,106157
28.235000,1651986,106176
28.240000,1652427,106195
28.245000,1652868,106214
28.250000,1653309,106234
28.255000,1653750,106253
28.260000,1654191,106272
28.265000,1654632,106291
28.270000,1655073,106310
28.275000,1655514,106330
28.280000,1655955,106349
28.285000,1656396,106368
28.290000,1656837,106387
28.295000,1657278,106406
28.300000,1657719,106426
28.305000,1658160,106445
28.310000,1658601,106464
28.315000,1659042,106483
28.320000,1659483,106502
28.325000,1659924,106522
28.330000,1660365,106541
28.335000,1660806,106560
28.340000,1661247,106598
28.345000,1661688,106618
28.350000,1662129,106637
28.355000,1662570,106656
28.360000,1663011,106675
28.365000,1663452,106694
28.370000,1663893,106714
28.375000,1664334,106733
28.380000,1664775,106752
28.385000,1665216,106771
28.390000,1665657,106790
28.395000,1666098,106810
28.400000,1666539,106829
28.405000,1666980,106848
28.410000,1667421,106867
28.415000,1667862,106886
28.420000,1668303,106906
28.425000,1668744,106925
28.430000,1669185,106944
28.435000,1669626,106963
28.440000,1670067,106982
28.445000,1670508,107002
28.450000,1670949,107021
28.455000,1671390,107040
28.460000,1671831,107059
28.465000,1672272,107078
28.470000,1672713,107098
28.475000,1673154,107117
28.480000,1673595,107136
28.495000,1674036,107155
28.505000,1674477,107174
28.750000,1674918,107520
28.755000,1675359,107539
28.760000,1675800,107558
28.765000,1676241,107578
28.770000,1676682,107597
28.775000,1677123,107616
28.780000,1677564,107635
28.785000,1678005,107654
28.790000,1678446,107674
28.795000,1678887,107693
28.800000,1679328,107712
28.805000,1679769,107731
28.810000,1680210,107750
28.915000,1680651,108154
28.920000,1681092,108173
28.925000,1681533,108192
28.930000,1681974,108211
28.935000,1682415,108230
28.940000,1682856,108250
28.945000,1683297,108269
28.950000,1683738,108288
28.955000,1684179,108307
28.960000,1684620,108326
28.965000,1685061,108346
28.970000,1685502,108365
28.975000,1685943,108384
28.980000,1686384,108403
28.985000,1686825,108422
28.990000,1687266,108442
28.995000,1687707,108461
29.000000,1688148,108480
29.005000,1688589,108499
29.010000,1689030,108518
29.015000,1689471,108538
29.020000,1689912,108557
29.025000,1690353,108576
29.030000,1690794,108595
29.035000,1691235,108614
29.040000,1691676,108634
29.045000,1692117,108653
29.050000,1692558,108672
29.055000,1692999,108691
29.060000,1693440,108710
29.145000,1693881,109037
29.150000,1694322,109056
29.155000,1694763,109075
29.160000,1695204,109094
29.165000,1695645,109114
29.170000,1696086,109133
29.175000,1696527,109152
29.180000,1696968,109171
29.185000,1697409,109190
29.190000,1697850,109210
29.195000,1698291,109229
29.200000,1698732,109248
29.205000,1699173,109267
29.210000,1699614,109286
29.215000,1700055,109306
29.220000,1700496,109325
29.225000,1700937,109344
29.230000,1701378,109363
29.235000,1701819,109382
29.240000,1702260,109402
29.245000,1702701,109421
29.250000,1703142,109440
29.255000,1703583,109459
29.260000,1704024,109478
29.265000,1704465,109498
29.270000,1704906,109517
29.275000,1705347,109536
29.280000,1705788,109555
29.285000,1706229,109574
29.290000,1706670,109594
29.295000,1707111,109613
29.300000,1707552,109632
29.305000,1707993,109651
29.310000,1708434,109670
29.315000,1708875,109690
29.320000,1709316,109709
29.325000,1709757,109728
29.330000,1710198,109747
29.335000,1710639,109766
29.340000,1711080,109786
29.345000,1711521,109805
29.350000,1711962,109824
29.355000,1712403,109843
29.360000,1712844,109862
29.365000,1713285,109882
29.370000,1713726,109901
29.465000,1714167,110266
29.470000,1714608,110285
29.475000,1715049,110304
29.480000,1715490,110323
29.485000,1715931,110342
29.490000,1716372,110362
29.495000,1716813,110381
29.500000,1717254,110400
29.505000,1717695,110419
29.510000,1718136,110438
29.515000,1718577,110458
29.520000,1719018,110477
29.525000,1719459,110496
29.530000,1719900,110515
29.535000,1720341,110534
29.540000,1720782,110554
29.545000,1721223,110573
29.550000,1721664,110592
29.555000,1722105,110611
29.560000,1722546,110630
29.565000,1722987,110650
29.570000,1723428,110669
29.575000,1723869,110688
29.640000,1724310,110938
29.645000,1724751,110957
29.650000,1725192,110976
29.655000,1725633,110995
29.660000,1726074,111014
29.665000,1726515,111034
29.670000,1726956,111053
29.675000,1727397,111072
29.680000,1727838,111091
29.685000,1728279,111110
29.690000,1728720,111130
29.695000,1729161,111149
29.700000,1729602,111168
29.705000,1730043,111187
29.710000,1730484,111206
29.715000,1730925,111226
29.720000,1731366,111245
29.725000,1731807,111264
29.730000,1732248,111283
29.735000,1732689,111302
29.740000,1733130,111322
29.745000,1733571,111341
29.750000,1734012,111360
29.755000,1734453,111379
29.760000,1734894,111398
29.765000,1735335,111418
29.770000,1735776,111437
29.775000,1736217,111456
29.780000,1736658,111475
29.785000,1737099,111494
29.790000,1737540,111514
29.795000,1737981,111533
29.800000,1738422,111552
29.805000,1738863,111571
29.810000,1739304,111590
29.815000,1739745,111610
29.820000,1740186,111629
29.825000,1740627,111648
29.830000,1741068,111667
29.835000,1741509,111686
29.840000,1741950,111706
29.845000,1742391,111725
29.850000,1742832,111744
29.855000,1743273,111763
29.860000,1743714,111782
29.865000,1744155,111802
29.870000,1744596,111821
29.875000,1745037,111840
29.880000,1745478,111859
29.885000,1745919,111878
29.890000,1746360,111898
29.895000,1746801,111917
29.900000,1747242,111936
29.905000,1747683,111955
29.910000,1748124,111974
29.935000,1748565,112070
29.940000,1749006,112090
29.945000,1749447,112109
29.950000,1749888,112128
29.955000,1750329,112147
29.960000,1750770,112166
29.965000,1751211,112186
29.970000,1751652,112205
29.975000,1752093,112224
29.980000,1752534,112243
29.985000,1752975,112262
29.990000,1753416,112282
29.995000,1753857,112301
30.000000,1754298,112320
30.005000,1754739,112339
30.010000,1755180,112358
30.015000,1755621,112378
30.020000,1756062,112397
30.025000,1756503,112416
30.030000,1756944,112435
30.035000,1757385,112454
30.040000,1757826,112474
30.045000,1758267,112493
30.050000,1758708,112512
30.055000,1759149,112531
30.060000,1759590,112550
30.065000,1760031,112570
30.070000,1760472,112589
30.075000,1760913,112608
30.080000,1761354,112627
30.085000,1761795,112646
30.090000,1762236,112666
30.095000,1762677,112685
30.100000,1763118,112704
30.105000,1763559,112723
30.110000,1764000,112742
30.115000,1764441,112762
30.120000,1764882,112781
30.125000,1765323,112800
30.130000,1765764,112819
30.135000,1766205,112838
30.140000,1766646,112858
30.215000,1767087,113165
30.220000,1767528,113184
30.225000,1767969,113203
30.230000,1768410,113222
30.235000,1768851,113242
30.240000,1769292,113261
30.245000,1769733,113280
30.250000,1770174,113299
30.255000,1770615,113318
30.260000,1771056,113338
30.265000,1771497,113357
30.270000,1771938,113376
30.275000,1772379,113395
30.280000,1772820,113414
30.285000,1773261,113434
30.290000,1773702,113453
30.355000,1774143,113683
30.360000,1774584,113702
30.365000,1775025,113722
30.370000,1775466,113741
30.375000,1775907,113760
30.380000,1776348,113779
30.385000,1776789,113798
30.390000,1777230,113818
30.395000,1777671,113837
30.400000,1778112,113856
30.405000,1778553,113875
30.530000,1778994,114355
30.535000,1779435,114374
30.540000,1779876,114394
30.545000,1780317,114413
30.550000,1780758,114432
30.555000,1781199,114451
30.560000,1781640,114470
30.565000,1782081,114490
30.570000,1782522,114509
30.575000,1782963,114528
30.580000,1783404,114547
30.585000,1783845,114566
30.590000,1784286,114586
30.595000,1784727,114605
30.600000,1785168,114624
30.605000,1785609,114643
30.610000,1786050,114662
30.615000,1786491,114682
30.620000,1786932,114701
30.625000,1787373,114720
30.630000,1787814,114739
30.635000,1788255,114758
30.640000,1788696,114778
30.645000,1789137,114797
30.650000,1789578,114816
30.655000,1790019,114835
30.660000,1790460,114854
30.665000,1790901,114874
30.670000,1791342,114893
30.675000,1791783,114912
30.680000,1792224,114931
30.685000,1792665,114950
30.690000,1793106,114970
30.695000,1793547,114989
30.700000,1793988,115008
30.705000,1794429,115027
30.710000,1794870,115046
30.715000,1795311,115066
30.720000,1795752,115085
30.725000,1796193,115104
30.730000,1796634,115123
30.735000,1797075,115142
30.740000,1797516,115162
30.745000,1797957,115181
30.750000,1798398,115200
30.755000,1798839,115219
30.760000,1799280,115238
30.765000,1799721,115258
30.770000,1800162,115277
30.775000,1800603,115296
30.780000,1801044,115315
30.785000,1801485,115334
30.790000,1801926,115354
30.795000,1802367,115373
30.800000,1802808,115392
30.805000,1803249,115411
30.810000,1803690,115430
30.815000,1804131,115450
30.820000,1804572,115469
30.825000,1805013,115488
30.830000,1805454,115507
30.835000,1805895,115526
30.840000,1806336,115546
30.845000,1806777,115565
30.850000,1807218,115584
30.855000,1807659,115603
30.860000,1808100,115622
30.865000,1808541,115642
30.870000,1808982,115661
30.875000,1809423,115680
30.880000,1809864,115699
30.885000,1810305,115718
30.890000,1810746,115738
30.950000,1811187,115757
30.955000,1811628,115776
30.960000,1812069,115795
30.965000,1812510,115814
30.970000,1812951,116045
30.975000,1813392,116064
30.980000,1813833,116083
30.985000,1814274,116102
30.990000,1814715,116122
30.995000,1815156,116141
31.000000,1815597,116160
31.005000,1816038,116179
31.010000,1816479,116198
31.015000,1816920,116218
31.020000,1817361,116237
31.025000,1817802,116275
31.135000,1818243,116870
31.140000,1818684,116890
31.145000,1819125,116909
31.150000,1819566,116928
31.155000,1820007,116947
31.160000,1820448,116966
31.165000,1820889,116986
31.170000,1821330,117005
31.175000,1821771,117024
31.180000,1822212,117043
31.185000,1822653,117062
31.190000,1823094,117082
31.195000,1823535,117101
31.200000,1823976,117120
31.205000,1824417,117139
31.210000,1824858,117158
31.215000,1825299,117178
31.220000,1825740,117197
31.225000,1826181,117216
31.230000,1826622,117235
31.235000,1827063,117254
31.240000,1827504,117274
31.245000,1827945,117293
31.250000,1828386,117312
31.255000,1828827,117331
31.260000,1829268,117350
31.300000,1829709,117370
31.305000,1830150,117389
31.310000,1830591,117408
31.315000,1831032,117427
31.320000,1831473,117446
31.325000,1831914,117466
31.330000,1832355,117485
31.335000,1832796,117504
31.340000,1833237,117523
31.345000,1833678,117542
31.350000,1834119,117562
31.355000,1834560,117581
31.375000,1835001,117600
31.380000,1835442,117638
31.385000,1835883,117658
31.390000,1836324,117677
31.395000,1836765,117696
31.400000,1837206,117715
31.405000,1837647,117734
31.410000,1838088,117754
31.415000,1838529,117773
31.420000,1838970,117792
31.425000,1839411,117811
31.430000,1839852,117830
31.435000,1840293,117850
31.440000,1840734,117869
31.445000,1841175,117888
31.450000,1841616,117907
31.455000,1842057,117926
31.460000,1842498,117946
31.465000,1842939,117965
31.470000,1843380,117984
31.500000,1843821,118080
31.505000,1844262,118099
31.510000,1844703,118118
31.515000,1845144,118138
31.520000,1845585,118157
31.525000,1846026,118176
31.530000,1846467,118195
31.540000,1846908,118234
31.545000,1847349,118253
31.550000,1847790,118272
31.555000,1848231,118291
31.565000,1848672,118330
31.570000,1849113,118349
31.575000,1849554,118368
31.580000,1849995,118387
31.585000,1850436,118406
31.590000,1850877,118426
31.595000,1851318,118445
31.600000,1851759,118464
31.605000,1852200,118483
31.610000,1852641,118502
31.615000,1853082,118522
31.620000,1853523,118541
31.625000,1853964,118560
31.630000,1854405,118579
31.635000,1854846,118598
31.640000,1855287,118618
31.645000,1855728,118637
31.650000,1856169,118656
31.655000,1856610,118675
31.660000,1857051,118694
31.665000,1857492,118714
31.670000,1857933,118733
31.675000,1858374,118752
31.820000,1858815,119040
31.825000,1859256,119059
31.830000,1859697,119078
31.835000,1860138,119098
31.840000,1860579,119194
31.845000,1861020,119405
31.850000,1861461,119424
31.855000,1861902,119443
31.860000,1862343,119462
31.865000,1862784,119482
31.870000,1863225,119501
31.875000,1863666,119520
31.880000,1864107,119539
31.885000,1864548,119558
31.890000,1864989,119578
31.895000,1865430,119597
31.900000,1865871,119616
31.905000,1866312,119635
31.910000,1866753,119654
31.965000,1867194,119866
31.970000,1867635,119885
31.975000,1868076,119904
31.980000,1868517,119923
31.985000,1868958,119942
31.990000,1869399,119962
31.995000,1869840,119981
32.000000,1870281,120000
32.005000,1870722,120019
32.010000,1871163,120038
32.015000,1871604,120058
32.020000,1872045,120077
32.025000,1872486,120096
32.030000,1872927,120115
32.035000,1873368,120134
32.040000,1873809,120154
32.045000,1874250,120173
32.050000,1874691,120192
32.055000,1875132,120211
32.060000,1875573,120230
32.065000,1876014,120250
32.070000,1876455,120269
32.075000,1876896,120288
32.080000,1877337,120307
32.085000,1877778,120326
32.090000,1878219,120346
32.095000,1878660,120365
32.100000,1879101,120384
32.105000,1879542,120403
32.110000,1879983,120422
32.115000,1880424,120442
32.120000,1880865,120461
32.125000,1881306,120480
32.130000,1881747,120499
32.135000,1882188,120518
32.140000,1882629,120538
32.145000,1883070,120557
32.150000,1883511,120576
32.155000,1883952,120595
32.230000,1884393,120883
32.235000,1884834,120902
32.240000,1885275,120922
32.245000,1885716,120941
32.255000,1886157,120979
32.260000,1886598,120998
32.280000,1887039,121152
32.300000,1887480,121210
32.320000,1887921,121229
32.325000,1888362,121248
32.330000,1888803,121267
32.335000,1889244,121286
32.340000,1889685,121306
32.345000,1890126,121325
32.350000,1890567,121344
32.355000,1891008,121363
32.360000,1891449,121382
32.365000,1891890,121402
32.370000,1892331,121421
32.375000,1892772,121440
32.380000,1893213,121459
32.385000,1893654,121478
32.390000,1894095,121498
32.395000,1894536,121517
32.400000,1894977,121536
32.405000,1895418,121555
32.410000,1895859,121574
32.415000,1896300,121594
32.420000,1896741,121613
32.425000,1897182,121632
32.430000,1897623,121651
32.435000,1898064,121670
32.440000,1898505,121690
32.445000,1898946,121709
32.450000,1899387,121728
32.455000,1899828,121747
32.460000,1900269,121766
32.465000,1900710,121786
32.470000,1901151,121805
32.475000,1901592,121824
32.480000,1902033,121843
32.500000,1902474,121920
32.510000,1902915,121978
32.515000,1903356,121997
32.520000,1903797,122016
32.525000,1904238,122035
32.530000,1904679,122054
32.535000,1905120,122074
32.540000,1905561,122093
32.545000,1906002,122112
32.550000,1906443,122131
32.555000,1906884,122150
32.560000,1907325,122170
32.565000,1907766,122189
32.675000,1908207,122592
32.680000,1908648,122611
32.685000,1909089,122630
32.690000,1909530,122650
32.695000,1909971,122669
32.700000,1910412,122688
32.705000,1910853,122707
32.710000,1911294,122726
32.715000,1911735,122746
32.720000,1912176,122765
32.725000,1912617,122784
32.730000,1913058,122803
32.735000,1913499,122822
32.740000,1913940,122842
32.745000,1914381,122861
32.750000,1914822,122880
32.755000,1915263,122899
32.760000,1915704,122918
32.765000,1916145,122938
32.770000,1916586,122957
32.775000,1917027,122976
32.780000,1917468,122995
32.785000,1917909,123014
32.790000,1918350,123034
32.795000,1918791,123053
32.800000,1919232,123072
32.805000,1919673,123091
32.810000,1920114,123110
32.815000,1920555,123130
32.820000,1920996,123149
32.825000,1921437,123168
32.830000,1921878,123187
32.835000,1922319,123206
32.840000,1922760,123226
32.980000,1923201,123763
32.985000,1923642,123782
32.990000,1924083,123802
32.995000,1924524,123821
33.000000,1924965,123840
33.005000,1925406,123859
33.010000,1925847,123878
33.015000,1926288,123898
33.020000,1926729,123917
33.025000,1927170,123936
33.030000,1927611,123955
33.035000,1928052,123974
33.040000,1928493,123994
33.045000,1928934,124013
33.050000,1929375,124032
33.055000,1929816,124051
33.060000,1930257,124070
33.065000,1930698,124090
33.070000,1931139,124109
33.090000,1931580,124186
33.095000,1932021,124205
33.100000,1932462,124224
33.105000,1932903,124243
33.110000,1933344,124262
33.115000,1933785,124282
33.120000,1934226,124301
33.125000,1934667,124320
33.130000,1935108,124339
33.135000,1935549,124358
33.140000,1935990,124378
33.145000,1936431,124397
33.150000,1936872,124416
33.155000,1937313,124435
33.160000,1937754,124454
33.165000,1938195,124474
33.170000,1938636,124493
33.175000,1939077,124512
33.180000,1939518,124531
33.185000,1939959,124550
33.230000,1940400,124570
33.235000,1940841,124589
33.240000,1941282,124608
33.245000,1941723,124627
33.250000,1942164,124646
33.255000,1942605,124666
33.260000,1943046,124685
33.265000,1943487,124704
33.270000,1943928,124723
33.275000,1944369,124742
33.280000,1944810,124762
33.285000,1945251,124781
33.290000,1945692,124800
33.295000,1946133,124819
33.300000,1946574,124838
33.305000,1947015,124858
33.310000,1947456,124877
33.315000,1947897,124896
33.320000,1948338,124915
33.325000,1948779,124934
33.330000,1949220,124954
33.335000,1949661,124973
33.340000,1950102,124992
33.345000,1950543,125011
33.350000,1950984,125030
33.355000,1951425,125050
33.360000,1951866,125069
33.365000,1952307,125242
33.370000,1952748,125261
33.380000,1953189,125280
33.385000,1953630,125299
33.390000,1954071,125318
33.395000,1954512,125338
33.400000,1954953,125357
33.405000,1955394,125376
33.410000,1955835,125395
33.415000,1956276,125414
33.420000,1956717,125434
33.425000,1957158,125453
33.430000,1957599,125472
33.435000,1958040,125491
33.440000,1958481,125510
33.445000,1958922,125530
33.450000,1959363,125549
33.455000,1959804,125568
33.460000,1960245,125587
33.725000,1960686,126624
33.730000,1961127,126643
33.735000,1961568,126662
33.740000,1962009,126682
33.745000,1962450,126701
33.830000,1962891,127027
33.835000,1963332,127046
33.840000,1963773,127066
33.845000,1964214,127085
33.850000,1964655,127104
33.855000,1965096,127123
33.860000,1965537,127142
33.865000,1965978,127162
33.870000,1966419,127181
33.875000,1966860,127200
33.880000,1967301,127219
33.885000,1967742,127238
33.890000,1968183,127258
33.895000,1968624,127277
33.900000,1969065,127296
33.905000,1969506,127315
33.910000,1969947,127334
33.915000,1970388,127344
33.920000,1970829,127354
33.925000,1971270,127373
33.930000,1971711,127392
33.935000,1972152,127411
33.940000,1972593,127430
33.945000,1973034,127450
33.950000,1973475,127469
33.955000,1973916,127488
33.960000,1974357,127507
33.965000,1974798,127526
33.970000,1975239,127546
33.975000,1975680,127565
33.980000,1976121,127584
33.985000,1976562,127603
33.990000,1977003,127622
33.995000,1977444,127642
34.000000,1977885,127661
34.005000,1978326,127680
34.010000,1978767,127699
34.015000,1979208,127718
34.020000,1979649,127738
34.025000,1980090,127757
34.030000,1980531,127776
34.035000,1980972,127795
34.040000,1981413,127814
34.045000,1981854,127834
34.050000,1982295,127853
34.055000,1982736,127872
34.060000,1983177,127891
34.065000,1983618,127910
34.070000,1984059,127930
34.075000,1984500,127949
34.080000,1984941,127968
34.085000,1985382,127987
34.090000,1985823,128006
34.095000,1986264,128026
34.100000,1986705,128045
34.105000,1987146,128064
34.110000,1987587,128083
34.115000,1988028,128102
34.120000,1988469,128122
34.125000,1988910,128141
34.130000,1989351,128160
34.135000,1989792,128179
34.140000,1990233,128198
34.145000,1990674,128218
34.150000,1991115,128237
34.155000,1991556,128256
34.160000,1991997,128275
34.165000,1992438,128294
34.170000,1992879,128314
34.175000,1993320,128333
34.180000,1993761,128352
34.185000,1994202,128371
34.190000,1994643,128390
34.195000,1995084,128410
34.200000,1995525,128429
34.210000,1995966,128928
34.215000,1996407,128947
34.220000,1996848,128966
34.225000,1997289,128986
34.230000,1997730,129005
34.235000,1998171,129024
34.240000,1998612,129043
34.245000,1999053,129062
34.250000,1999494,129082
34.255000,1999935,129101
34.260000,2000376,129120
34.265000,2000817,129139
34.270000,2001258,129158
34.275000,2001699,129178
34.280000,2002140,129197
34.285000,2002581,129216
34.290000,2003022,129235
34.295000,2003463,129254
34.330000,2003904,129274
34.335000,2004345,129293
34.340000,2004786,129312
34.345000,2005227,129331
34.350000,2005668,129350
34.355000,2006109,129370
34.360000,2006550,129389
34.365000,2006991,129408
34.370000,2007432,129427
34.375000,2007873,129446
34.380000,2008314,129466
34.385000,2008755,129485
34.390000,2009196,129504
34.395000,2009637,129523
34.400000,2010078,129542
34.405000,2010519,129562
34.410000,2010960,129581
34.415000,2011401,129619
34.420000,2011842,129773
34.425000,2012283,129792
34.430000,2012724,129811
34.435000,2013165,129830
34.440000,2013606,129850
34.445000,2014047,130195
34.450000,2014488,130214
34.455000,2014929,130234
34.460000,2015370,130253
34.465000,2015811,130272
34.470000,2016252,130291
34.475000,2016693,130310
34.480000,2017134,130330
34.485000,2017575,130349
34.490000,2018016,130368
34.495000,2018457,130387
34.500000,2018898,130406
34.505000,2019339,130426
34.845000,2019780,130445
34.850000,2020221,130464
34.855000,2020662,130483
34.860000,2021103,130502
34.865000,2021544,130522
34.870000,2021985,130541
34.875000,2022426,130560
34.880000,2022867,130579
34.885000,2023308,130598
34.890000,2023749,130618
34.895000,2024190,130637
34.900000,2024631,130656
34.905000,2025072,130675
34.910000,2025513,130694
34.915000,2025954,130714
34.920000,2026395,130733
34.925000,2026836,130752
34.930000,2027277,130771
34.932500,2027718,130790
34.935000,2028159,130810
34.940000,2028600,130829
34.945000,2029041,130848
34.950000,2029482,130867
34.955000,2029923,130886
34.960000,2030364,130906
34.965000,2030805,130925
34.970000,2031246,130944
34.975000,2031687,130963
34.980000,2032128,130982
34.985000,2032569,131002
34.990000,2033010,131462
34.995000,2033451,131482
35.000000,2033892,131501
35.005000,2034333,131520
35.010000,2034774,131539
35.015000,2035215,131558
35.020000,2035656,131578
35.025000,2036097,131597
35.030000,2036538,131616
35.035000,2036979,131635
35.040000,2037420,131654
35.045000,2037861,131674
35.180000,2038302,132211
35.185000,2038743,132230
35.190000,2039184,132250
35.195000,2039625,132269
35.200000,2040066,132288
35.205000,2040507,132307
35.210000,2040948,132326
35.215000,2041389,132346
35.220000,2041830,132365
35.225000,2042271,132384
35.230000,2042712,132403
35.235000,2043153,132422
35.240000,2043594,132442
35.245000,2044035,132461
35.250000,2044476,132480
35.255000,2044917,132499
35.260000,2045358,132518
35.265000,2045799,132538
35.270000,2046240,132557
35.275000,2046681,132576
35.280000,2047122,132595
35.285000,2047563,132614
35.290000,2048004,132634
35.295000,2048445,132653
35.300000,2048886,132672
35.305000,2049327,132691
35.310000,2049768,132710
35.315000,2050209,132730
35.320000,2050650,132749
35.325000,2051091,132768
35.330000,2051532,132787
35.335000,2051973,132806
35.340000,2052414,132826
35.345000,2052855,132845
35.350000,2053296,132864
35.355000,2053737,132883
35.360000,2054178,132902
35.365000,2054619,132922
35.370000,2055060,132941
35.375000,2055501,132960
35.380000,2055942,132979
35.385000,2056383,132998
35.390000,2056824,133018
35.395000,2057265,133037
35.400000,2057706,133056
35.405000,2058147,133075
35.410000,2058588,133094
35.415000,2059029,133114
35.485000,2059470,133382
35.490000,2059911,133402
35.495000,2060352,133421
35.500000,2060793,133440
35.505000,2061234,133459
35.510000,2061675,133478
35.515000,2062116,133498
35.520000,2062557,133517
35.525000,2062998,133536
35.530000,2063439,133555
35.535000,2063880,133574
35.540000,2064321,133594
35.545000,2064762,133613
35.550000,2065203,133632
35.555000,2065644,133651
35.560000,2066085,133670
35.565000,2066526,133690
35.570000,2066967,133709
35.575000,2067408,133728
35.580000,2067849,133747
35.585000,2068290,133766
35.590000,2068731,133786
35.595000,2069172,133805
35.600000,2069613,133824
35.605000,2070054,133843
35.610000,2070495,133862
35.615000,2070936,133882
35.620000,2071377,133901
35.625000,2071818,133920
35.630000,2072259,133939
35.635000,2072700,133958
35.750000,2073141,134400
35.755000,2073582,134419
35.760000,2074023,134438
35.765000,2074464,134458
35.770000,2074905,134477
35.775000,2075346,134496
35.780000,2075787,134515
35.785000,2076228,134534
35.790000,2076669,134554
35.795000,2077110,134573
35.800000,2077551,134592
35.805000,2077992,134611
35.810000,2078433,134630
35.815000,2078874,134650
35.820000,2079315,134669
35.825000,2079756,134688
35.830000,2080197,134707
35.835000,2080638,134726
35.840000,2081079,134746
35.845000,2081520,134765
35.850000,2081961,134784
35.855000,2082402,134803
35.860000,2082843,134822
35.865000,2083284,134842
35.870000,2083725,134861
35.875000,2084166,134880
35.965000,2084607,134899
35.970000,2085048,134918
35.975000,2085489,134938
35.980000,2085930,134957
35.985000,2086371,134976
35.990000,2086812,135322
35.995000,2087253,135341
36.000000,2087694,135360
36.005000,2088135,135379
36.010000,2088576,135398
36.015000,2089017,135418
36.020000,2089458,135437
36.025000,2089899,135456
36.030000,2090340,135475
36.035000,2090781,135494
36.040000,2091222,135514
36.045000,2091663,135533
36.050000,2092104,135552
36.055000,2092545,135571
36.060000,2092986,135590
36.065000,2093427,135610
36.070000,2093868,135629
36.075000,2094309,135648
36.080000,2094750,135667
36.085000,2095191,135686
36.090000,2095632,135706
36.095000,2096073,135725
36.100000,2096514,135744
36.105000,2096955,135763
36.110000,2097396,135782
36.115000,2097837,135802
36.120000,2098278,135821
36.125000,2098719,135840
36.130000,2099160,135859
36.235000,2099601,136262
36.240000,2100042,136282
36.245000,2100483,136301
36.250000,2100924,136320
36.255000,2101365,136339
36.260000,2101806,136358
36.265000,2102247,136378
36.270000,2102688,136397
36.275000,2103129,136416
36.280000,2103570,136435
36.330000,2104011,136627
36.335000,2104452,136646
36.340000,2104893,136666
36.345000,2105334,136685
36.350000,2105775,136704
36.355000,2106216,136723
36.360000,2106657,136742
36.365000,2107098,136762
36.370000,2107539,136781
36.375000,2107980,136800
36.380000,2108421,136819
36.385000,2108862,136838
36.390000,2109303,136858
36.395000,2109744,136877
36.400000,2110185,136896
36.405000,2110626,136915
36.410000,2111067,136934
36.415000,2111508,136954
36.420000,2111949,136973
36.425000,2112390,136992
36.430000,2112831,137011
36.435000,2113272,137030
36.440000,2113713,137050
36.445000,2114154,137069
36.450000,2114595,137088
36.495000,2115036,137261
36.500000,2115477,137280
36.505000,2115918,137299
36.510000,2116359,137318
36.515000,2116800,137338
36.520000,2117241,137357
36.525000,2117682,137376
36.530000,2118123,137395
36.535000,2118564,137414
36.540000,2119005,137434
36.545000,2119446,137453
36.550000,2119887,137472
36.555000,2120328,137491
36.560000,2120769,137510
36.565000,2121210,137530
36.570000,2121651,137549
36.575000,2122092,137568
36.580000,2122533,137587
36.585000,2122974,137606
36.590000,2123415,137626
36.595000,2123856,137645
36.600000,2124297,137664
36.605000,2124738,137683
36.610000,2125179,137702
36.615000,2125620,137722
36.620000,2126061,137741
36.625000,2126502,137760
36.725000,2126943,138144
36.730000,2127384,138163
36.735000,2127825,138182
36.740000,2128266,138202
36.745000,2128707,138221
36.750000,2129148,138240
36.755000,2129589,138259
36.760000,2130030,138278
36.765000,2130471,138298
36.770000,2130912,138317
36.775000,2131353,138336
36.780000,2131794,138355
36.785000,2132235,138374
36.790000,2132676,138394
36.795000,2133117,138413
36.800000,2133558,138432
36.805000,2133999,138451
36.810000,2134440,138470
36.815000,2134881,138490
36.820000,2135322,138509
36.825000,2135763,138528
36.830000,2136204,138547
36.835000,2136645,138566
36.840000,2137086,138586
36.880000,2137527,138739
36.890000,2137968,138758
36.895000,2138409,138778
36.900000,2138850,138797
36.905000,2139291,138816
36.910000,2139732,138835
36.915000,2140173,138854
36.925000,2140614,139104
36.930000,2141055,139123
36.985000,2141496,139142
36.990000,2141937,139162
36.995000,2142378,139181
37.000000,2142819,139200
37.010000,2143260,139238
37.145000,2143701,139757
37.150000,2144142,139776
37.155000,2144583,139795
37.160000,2145024,139814
37.165000,2145465,139834
37.170000,2145906,139853
37.175000,2146347,139872
37.180000,2146788,139891
37.185000,2147229,139910
37.190000,2147670,139930
37.195000,2148111,139949
37.200000,2148552,139968
37.205000,2148993,139987
37.210000,2149434,140006
37.215000,2149875,140026
37.220000,2150316,140045
37.225000,2150757,140064
37.230000,2151198,140083
37.235000,2151639,140102
37.240000,2152080,140122
37.245000,2152521,140141
37.250000,2152962,140160
37.255000,2153403,140179
37.260000,2153844,140198
37.265000,2154285,140218
37.270000,2154726,140237
37.275000,2155167,140256
37.280000,2155608,140275
37.285000,2156049,140294
37.290000,2156490,140314
37.295000,2156931,140333
37.300000,2157372,140352
37.305000,2157813,140371
37.310000,2158254,140390
37.315000,2158695,140410
37.320000,2159136,140429
37.325000,2159577,140448
37.330000,2160018,140467
37.335000,2160459,140486
37.340000,2160900,140506
37.345000,2161341,140525
37.350000,2161782,140544
37.355000,2162223,140563
37.360000,2162664,140582
37.365000,2163105,140602
37.370000,2163546,140621
37.375000,2163987,140640
37.380000,2164428,140659
37.385000,2164869,140678
37.390000,2165310,140698
37.395000,2165751,140717
37.400000,2166192,140736
37.405000,2166633,140755
37.410000,2167074,140774
37.415000,2167515,140794
37.420000,2167956,140813
37.425000,2168397,140832
37.430000,2168838,140851
37.435000,2169279,140870
37.440000,2169720,140890
37.445000,2170161,140909
37.450000,2170602,140928
37.455000,2171043,140947
37.460000,2171484,140966
37.465000,2171925,140986
37.470000,2172366,141005
37.495000,2172807,141216
37.535000,2173248,141254
37.540000,2173689,141274
37.545000,2174130,141293
37.550000,2174571,141312
37.555000,2175012,141331
37.560000,2175453,141350
37.565000,2175894,141370
37.570000,2176335,141389
37.575000,2176776,141408
37.580000,2177217,141427
37.585000,2177658,141446
37.690000,2178099,141850
37.695000,2178540,141869
37.700000,2178981,141888
37.705000,2179422,141907
37.710000,2179863,141926
37.715000,2180304,141946
37.720000,2180745,141965
37.725000,2181186,141984
37.730000,2181627,142003
37.735000,2182068,142022
37.740000,2182509,142042
37.745000,2182950,142061
37.750000,2183391,142080
37.755000,2183832,142099
37.760000,2184273,142118
37.765000,2184714,142138
37.770000,2185155,142157
37.775000,2185596,142176
37.780000,2186037,142195
37.785000,2186478,142214
37.790000,2186919,142234
37.795000,2187360,142253
37.800000,2187801,142272
37.805000,2188242,142291
37.810000,2188683,142310
37.815000,2189124,142330
37.820000,2189565,142349
37.825000,2190006,142368
37.830000,2190447,142387
37.835000,2190888,142406
37.840000,2191329,142426
37.845000,2191770,142445
37.850000,2192211,142464
37.855000,2192652,142483
37.860000,2193093,142502
37.865000,2193534,142522
37.870000,2193975,142541
37.875000,2194416,142560
37.880000,2194857,142579
37.885000,2195298,142598
37.890000,2195739,142618
37.895000,2196180,142637
37.900000,2196621,142982
37.990000,2197062,143002
37.995000,2197503,143021
38.000000,2197944,143040
38.005000,2198385,143059
38.010000,2198826,143078
38.015000,2199267,143098
38.020000,2199708,143117
38.025000,2200149,143136
38.030000,2200590,143155
38.035000,2201031,143174
38.040000,2201472,143194
38.045000,2201913,143213
38.050000,2202354,143232
38.055000,2202795,143251
38.060000,2203236,143270
38.065000,2203677,143290
38.070000,2204118,143309
38.075000,2204559,143328
38.080000,2205000,143347
38.085000,2205441,143366
38.090000,2205882,143386
38.095000,2206323,143405
38.100000,2206764,143424
38.105000,2207205,143443
38.110000,2207646,143462
38.115000,2208087,143482
38.120000,2208528,143501
38.125000,2208969,143520
38.130000,2209410,143539
38.135000,2209851,143558
38.140000,2210292,143578
38.145000,2210733,143597
38.175000,2211174,143712
38.245000,2211615,143981
38.250000,2212056,144000
38.255000,2212497,144019
38.260000,2212938,144038
38.295000,2213379,144173
38.300000,2213820,144192
38.310000,2214261,144230
38.315000,2214702,144250
38.320000,2215143,144269
38.325000,2215584,144288
38.330000,2216025,144307
38.335000,2216466,144326
38.340000,2216907,144346
38.345000,2217348,144365
38.350000,2217789,144384
38.355000,2218230,144403
38.360000,2218671,144422
38.365000,2219112,144442
38.370000,2219553,144461
38.375000,2219994,144480
38.380000,2220435,144499
38.385000,2220876,144518
38.390000,2221317,144538
38.395000,2221758,144557
38.400000,2222199,144576
38.405000,2222640,144595
38.410000,2223081,144614
38.415000,2223522,144634
38.420000,2223963,144653
38.425000,2224404,144672
38.430000,2224845,144691
38.465000,2225286,144826
38.470000,2225727,144845
38.475000,2226168,144864
38.480000,2226609,144883
38.485000,2227050,144902
38.490000,2227491,144922
38.495000,2227932,144941
38.500000,2228373,144960
38.505000,2228814,144979
38.510000,2229255,144998
38.515000,2229696,145018
38.520000,2230137,145037
38.525000,2230578,145056
38.530000,2231019,145075
38.535000,2231460,145094
38.540000,2231901,145114
38.545000,2232342,145133
38.550000,2232783,145152
38.555000,2233224,145171
38.560000,2233665,145190
38.565000,2234106,145210
38.570000,2234547,145229
38.575000,2234988,145248
38.580000,2235429,145267
38.585000,2235870,145286
38.590000,2236311,145306
38.595000,2236752,145325
38.600000,2237193,145344
38.605000,2237634,145363
38.610000,2238075,145382
38.615000,2238516,145402
38.620000,2238957,145421
38.625000,2239398,145440
38.630000,2239839,145459
38.735000,2240280,145862
38.740000,2240721,145882
38.745000,2241162,145901
38.750000,2241603,145920
38.755000,2242044,145939
38.760000,2242485,145958
38.765000,2242926,145978
38.770000,2243367,145997
38.775000,2243808,146016
38.780000,2244249,146035
38.785000,2244690,146054
38.790000,2245131,146074
38.795000,2245572,146093
38.800000,2246013,146112
38.805000,2246454,146131
38.810000,2246895,146150
38.815000,2247336,146170
38.820000,2247777,146189
38.825000,2248218,146208
38.830000,2248659,146227
38.835000,2249100,146246
38.840000,2249541,146266
38.845000,2249982,146285
38.850000,2250423,146304
38.855000,2250864,146323
38.860000,2251305,146342
38.865000,2251746,146362
38.870000,2252187,146381
38.960000,2252628,146726
38.965000,2253069,146746
38.970000,2253510,146765
38.975000,2253951,146784
38.980000,2254392,146803
38.985000,2254833,146822
38.990000,2255274,146842
38.995000,2255715,146861
39.000000,2256156,146880
39.005000,2256597,146899
39.010000,2257038,146918
39.015000,2257479,146938
39.020000,2257920,146957
39.025000,2258361,146976
39.030000,2258802,146995
39.035000,2259243,147014
39.040000,2259684,147034
39.045000,2260125,147053
39.050000,2260566,147072
39.055000,2261007,147091
39.060000,2261448,147110
39.065000,2261889,147130
39.070000,2262330,147149
39.075000,2262771,147168
39.080000,2263212,147187
39.085000,2263653,147206
39.090000,2264094,147226
39.095000,2264535,147245
39.100000,2264976,147264
39.105000,2265417,147283
39.110000,2265858,147302
39.115000,2266299,147322
39.120000,2266740,147341
39.125000,2267181,147360
39.130000,2267622,147379
39.135000,2268063,147398
39.140000,2268504,147418
39.145000,2268945,147437
39.150000,2269386,147456
39.155000,2269827,147475
39.160000,2270268,147494
39.165000,2270709,147514
39.170000,2271150,147533
39.175000,2271591,147552
39.180000,2272032,147571
39.185000,2272473,147590
39.190000,2272914,147610
39.195000,2273355,147629
39.200000,2273796,147648
39.205000,2274237,147667
39.210000,2274678,147686
39.215000,2275119,147706
39.220000,2275560,147725
39.225000,2276001,147744
39.230000,2276442,147763
39.235000,2276883,147782
39.240000,2277324,147802
39.245000,2277765,147821
39.250000,2278206,147840
39.255000,2278647,147859
39.260000,2279088,147878
39.265000,2279529,147898
39.270000,2279970,147917
39.275000,2280411,147936
39.280000,2280852,147955
39.285000,2281293,147974
39.290000,2281734,147994
39.295000,2282175,148013
39.300000,2282616,148032
39.305000,2283057,148051
39.310000,2283498,148070
39.315000,2283939,148090
39.320000,2284380,148109
39.325000,2284821,148128
39.330000,2285262,148147
39.335000,2285703,148166
39.340000,2286144,148186
39.345000,2286585,148205
39.350000,2287026,148224
39.355000,2287467,148243
39.360000,2287908,148262
39.365000,2288349,148282
39.370000,2288790,148301
39.415000,2289231,148474
39.420000,2289672,148493
39.425000,2290113,148512
39.430000,2290554,148531
39.435000,2290995,148550
39.440000,2291436,148570
39.445000,2291877,148589
39.450000,2292318,148608
39.455000,2292759,148627
39.460000,2293200,148646
39.465000,2293641,148666
39.470000,2294082,148685
39.475000,2294523,148704
39.480000,2294964,148723
39.485000,2295405,148742
39.490000,2295846,148762
39.495000,2296287,148781
39.500000,2296728,148800
39.505000,2297169,148819
39.510000,2297610,148838
39.515000,2298051,148858
39.520000,2298492,148877
39.525000,2298933,148896
39.530000,2299374,148915
39.535000,2299815,148934
39.540000,2300256,148954
39.550000,2300697,148992
39.905000,2301138,150355
39.910000,2301579,150374
39.915000,2302020,150394
39.920000,2302461,150413
39.925000,2302902,150432
39.930000,2303343,150451
39.935000,2303784,150470
39.940000,2304225,150490
39.945000,2304666,150509
39.950000,2305107,150528
39.955000,2305548,150547
39.960000,2305989,150566
39.965000,2306430,150586
39.970000,2306871,150605
39.975000,2307312,150624
39.980000,2307753,150643
39.985000,2308194,150662
39.990000,2308635,150682
39.995000,2309076,150701
40.000000,2309517,150720
40.005000,2309958,150739
40.010000,2310399,150758
40.015000,2310840,150778
40.020000,2311281,150797
40.025000,2311722,150816
40.030000,2312163,150835
40.035000,2312604,150854
40.040000,2313045,150874
40.045000,2313486,150893
40.050000,2313927,150912
40.055000,2314368,150931
40.060000,2314809,150950
40.065000,2315250,150970
40.070000,2315691,150989
40.075000,2316132,151008
40.080000,2316573,151027
40.085000,2317014,151046
40.090000,2317455,151066
40.185000,2317896,151430
40.190000,2318337,151450
40.195000,2318778,151469
40.200000,2319219,151488
40.205000,2319660,151507
40.210000,2320101,151526
40.215000,2320542,151546
40.220000,2320983,151565
40.225000,2321424,151584
40.230000,2321865,151603
40.235000,2322306,151622
40.240000,2322747,151642
40.245000,2323188,151661
40.250000,2323629,151680
40.255000,2324070,151699
40.260000,2324511,151718
40.265000,2324952,151738
40.270000,2325393,151757
40.275000,2325834,151776
40.280000,2326275,151795
40.285000,2326716,151814
40.340000,2327157,152026
40.345000,2327598,152045
40.350000,2328039,152064
40.355000,2328480,152083
40.360000,2328921,152102
40.365000,2329362,152122
40.370000,2329803,152141
40.375000,2330244,152160
40.380000,2330685,152179
40.385000,2331126,152198
40.390000,2331567,152218
40.395000,2332008,152237
40.400000,2332449,152256
40.405000,2332890,152275
40.410000,2333331,152294
40.415000,2333772,152314
40.420000,2334213,152333
40.425000,2334654,152352
40.430000,2335095,152371
40.435000,2335536,152390
40.440000,2335977,152410
40.445000,2336418,152429
40.450000,2336859,152448
40.455000,2337300,152467
40.460000,2337741,152486
40.465000,2338182,152506
40.470000,2338623,152525
40.475000,2339064,152544
40.480000,2339505,152563
40.485000,2339946,152582
40.490000,2340387,152602
40.495000,2340828,152621
40.500000,2341269,152640
40.505000,2341710,152659
40.510000,2342151,152678
40.515000,2342592,152698
40.520000,2343033,152717
40.525000,2343474,152736
40.530000,2343915,152755
40.535000,2344356,152774
40.540000,2344797,152794
40.545000,2345238,152813
40.550000,2345679,152832
40.555000,2346120,152851
40.560000,2346561,152870
40.565000,2347002,152890
40.570000,2347443,152909
40.575000,2347884,152928
40.580000,2348325,152947
40.585000,2348766,152966
40.590000,2349207,152986
40.595000,2349648,153005
40.600000,2350089,153024
40.605000,2350530,153043
40.720000,2350971,153485
40.725000,2351412,153504
40.730000,2351853,153523
40.735000,2352294,153542
40.740000,2352735,153562
40.745000,2353176,153581
40.750000,2353617,153600
40.755000,2354058,153619
40.760000,2354499,153638
40.765000,2354940,153658
40.770000,2355381,153677
40.775000,2355822,153696
40.780000,2356263,153715
40.785000,2356704,153734
40.790000,2357145,153754
40.795000,2357586,153773
40.800000,2358027,153792
40.805000,2358468,153811
40.810000,2358909,153830
40.815000,2359350,153850
40.820000,2359791,153869
40.825000,2360232,153888
40.830000,2360673,153907
41.000000,2361114,154560
41.010000,2361555,154733
41.045000,2361996,154752
41.050000,2362437,154771
41.115000,2362878,155155
41.120000,2363319,155174
41.125000,2363760,155194
41.130000,2364201,155213
41.135000,2364642,155232
41.140000,2365083,155251
41.145000,2365524,155270
41.150000,2365965,155290
41.155000,2366406,155309
41.160000,2366847,155328
41.165000,2367288,155347
41.170000,2367729,155366
41.175000,2368170,155386
41.180000,2368611,155405
41.185000,2369052,155424
41.190000,2369493,155443
41.195000,2369934,155462
41.200000,2370375,155482
41.205000,2370816,155501
41.210000,2371257,155520
41.215000,2371698,155539
41.220000,2372139,155558
41.225000,2372580,155578
41.230000,2373021,155597
41.235000,2373462,155616
41.240000,2373903,155635
41.245000,2374344,155654
41.250000,2374785,155674
41.255000,2375226,155693
41.260000,2375667,155712
41.265000,2376108,155731
41.270000,2376549,155750
41.275000,2376990,155770
41.280000,2377431,155789
41.285000,2377872,155808
41.290000,2378313,155827
41.295000,2378754,155846
41.300000,2379195,155866
41.305000,2379636,155885
41.310000,2380077,155904
41.315000,2380518,155923
41.320000,2380959,155942
41.325000,2381400,155962
41.330000,2381841,155981
41.500000,2382282,156480
41.530000,2382723,156595
41.535000,2383164,156614
41.540000,2383605,156634
41.545000,2384046,156653
41.550000,2384487,156672
41.555000,2384928,156691
41.560000,2385369,156710
41.565000,2385810,156730
41.570000,2386251,156749
41.575000,2386692,156768
41.580000,2387133,156787
41.585000,2387574,156806
41.590000,2388015,156826
41.595000,2388456,156845
41.600000,2388897,156979
41.605000,2389338,156998
41.610000,2389779,157018
41.615000,2390220,157037
41.620000,2390661,157056
41.650000,2391102,157075
41.655000,2391543,157094
41.660000,2391984,157114
41.665000,2392425,157133
41.670000,2392866,157152
41.675000,2393307,157171
41.680000,2393748,157190
41.720000,2394189,157325
41.725000,2394630,157344
41.730000,2395071,157363
41.735000,2395512,157382
41.740000,2395953,157402
41.745000,2396394,157421
41.750000,2396835,157440
41.755000,2397276,157459
41.760000,2397717,157478
41.765000,2398158,157498
41.770000,2398599,157517
41.790000,2399040,157555
41.795000,2399481,157574
41.800000,2399922,157594
41.805000,2400363,157613
41.810000,2400804,157632
41.815000,2401245,157651
41.820000,2401686,157670
41.825000,2402127,157690
41.830000,2402568,157747
41.835000,2403009,157766
41.840000,2403450,157786
41.845000,2403891,157805
41.850000,2404332,157824
41.855000,2404773,157843
41.860000,2405214,157862
41.865000,2405655,157882
41.870000,2406096,157901
41.875000,2406537,157920
41.880000,2406978,157939
41.885000,2407419,157958
41.890000,2407860,157978
41.895000,2408301,157997
41.900000,2408742,158016
41.905000,2409183,158035
41.910000,2409624,158054
41.915000,2410065,158074
41.920000,2410506,158093
41.925000,2410947,158112
41.930000,2411388,158131
41.935000,2411829,158150
41.940000,2412270,158170
41.945000,2412711,158189
41.950000,2413152,158208
41.995000,2413593,158381
42.000000,2414034,158400
42.005000,2414475,158419
42.010000,2414916,158438
42.015000,2415357,158458
42.020000,2415798,158477
42.025000,2416239,158496
42.030000,2416680,158515
42.035000,2417121,158534
42.040000,2417562,158554
42.045000,2418003,158573
42.050000,2418444,158592
42.055000,2418885,158611
42.060000,2419326,158630
42.065000,2419767,158650
42.070000,2420208,158669
42.075000,2420649,158688
42.080000,2421090,158707
42.085000,2421531,158726
42.090000,2421972,158746
42.095000,2422413,158765
42.100000,2422854,158784
42.105000,2423295,158803
42.110000,2423736,158822
42.115000,2424177,158842
42.120000,2424618,158861
42.235000,2425059,159283
42.240000,2425500,159302
42.245000,2425941,159341
42.250000,2426382,159360
42.255000,2426823,159398
42.260000,2427264,159418
42.320000,2427705,159629
42.325000,2428146,159648
42.330000,2428587,159667
42.335000,2429028,159686
42.340000,2429469,159706
42.345000,2429910,159725
42.350000,2430351,159744
42.355000,2430792,159763
42.360000,2431233,159782
42.365000,2431674,159802
42.370000,2432115,159821
42.375000,2432556,159840
42.380000,2432997,159859
42.385000,2433438,159878
42.390000,2433879,159898
42.395000,2434320,159917
42.400000,2434761,159936
42.405000,2435202,159955
42.410000,2435643,159974
42.415000,2436084,159994
42.420000,2436525,160013
42.425000,2436966,160032
42.430000,2437407,160051
42.435000,2437848,160070
42.440000,2438289,160090
42.445000,2438730,160109
42.450000,2439171,160262
42.500000,2439612,160320
42.505000,2440053,160339
42.510000,2440494,160358
42.515000,2440935,160378
42.520000,2441376,160397
42.525000,2441817,160416
42.530000,2442258,160435
42.535000,2442699,160454
42.540000,2443140,160474
42.545000,2443581,160493
42.550000,2444022,160512
42.555000,2444463,160531
42.560000,2444904,160550
42.565000,2445345,160570
42.570000,2445786,160589
42.575000,2446227,161088
42.580000,2446668,161107
42.710000,2447109,161126
42.715000,2447550,161146
42.720000,2447991,161165
42.725000,2448432,161184
42.730000,2448873,161203
42.735000,2449314,161222
42.740000,2449755,161242
42.745000,2450196,161261
42.750000,2450637,161280
42.755000,2451078,161299
42.760000,2451519,161318
42.765000,2451960,161338
42.770000,2452401,161357
42.775000,2452842,161376
42.780000,2453283,161395
42.785000,2453724,161414
42.790000,2454165,161434
42.795000,2454606,161453
42.800000,2455047,161472
42.805000,2455488,161491
42.810000,2455929,161510
42.815000,2456370,161530
42.820000,2456811,161549
42.825000,2457252,161568
42.830000,2457693,161587
42.835000,2458134,161606
42.905000,2458575,161875
42.910000,2459016,161894
42.915000,2459457,161914
42.920000,2459898,161933
42.925000,2460339,161952
42.930000,2460780,161971
42.935000,2461221,161990
42.940000,2461662,162010
42.945000,2462103,162029
42.950000,2462544,162048
42.955000,2462985,162067
42.960000,2463426,162086
42.965000,2463867,162106
42.970000,2464308,162125
42.975000,2464749,162144
42.980000,2465190,162163
42.985000,2465631,162182
42.990000,2466072,162202
42.995000,2466513,162221
43.000000,2466954,162240
43.005000,2467395,162259
43.010000,2467836,162278
43.015000,2468277,162298
43.020000,2468718,162317
43.025000,2469159,162336
43.030000,2469600,162355
43.035000,2470041,162374
43.040000,2470482,162394
43.045000,2470923,162413
43.050000,2471364,162432
43.055000,2471805,162451
43.060000,2472246,162470
43.065000,2472687,162490
43.070000,2473128,162509
43.075000,2473569,162528
43.080000,2474010,162547
43.085000,2474451,162566
43.090000,2474892,162586
43.095000,2475333,162605
43.100000,2475774,162624
43.105000,2476215,162643
43.110000,2476656,162662
43.115000,2477097,162682
43.120000,2477538,162701
43.125000,2477979,162720
43.130000,2478420,162739
43.135000,2478861,162758
43.140000,2479302,162778
43.145000,2479743,162797
43.150000,2480184,162816
43.155000,2480625,162835
43.160000,2481066,162854
43.165000,2481507,162874
43.170000,2481948,162893
43.175000,2482389,162912
43.180000,2482830,162931
43.185000,2483271,162950
43.190000,2483712,162970
43.195000,2484153,162989
43.200000,2484594,163008
43.205000,2485035,163027
43.210000,2485476,163046
43.215000,2485917,163066
43.220000,2486358,163085
43.225000,2486799,163104
43.230000,2487240,163123
43.235000,2487681,163142
43.240000,2488122,163162
43.245000,2488563,163181
43.295000,2489004,163373
43.300000,2489445,163392
43.365000,2489886,163642
43.370000,2490327,163661
43.375000,2490768,163680
43.385000,2491209,163718
43.390000,2491650,163757
43.395000,2492091,163776
43.400000,2492532,163795
43.405000,2492973,163814
43.410000,2493414,163834
43.415000,2493855,163853
43.420000,2494296,163872
43.425000,2494737,163891
43.430000,2495178,163910
43.435000,2495619,163930
43.440000,2496060,163949
43.445000,2496501,163968
43.450000,2496942,163987
43.455000,2497383,164006
43.460000,2497824,164026
43.465000,2498265,164045
43.470000,2498706,164064
43.475000,2499147,164083
43.480000,2499588,164102
43.485000,2500029,164122
43.490000,2500470,164141
43.550000,2500911,164352
43.735000,2501352,165062
43.740000,2501793,165082
43.745000,2502234,165101
43.750000,2502675,165120
43.755000,2503116,165158
43.760000,2503557,165178
43.765000,2503998,165197
43.770000,2504439,165216
43.775000,2504880,165235
43.780000,2505321,165254
43.785000,2505762,165274
43.790000,2506203,165293
43.795000,2506644,165312
43.800000,2507085,165331
43.870000,2507526,165581
43.875000,2507967,165600
43.880000,2508408,165619
43.885000,2508849,165638
43.890000,2509290,165658
43.895000,2509731,165677
43.900000,2510172,165696
43.905000,2510613,165715
43.910000,2511054,165734
43.915000,2511495,165754
43.920000,2511936,165773
43.925000,2512377,165782
43.930000,2512818,165792
43.935000,2513259,165811
43.940000,2513700,165830
43.945000,2514141,165850
43.950000,2514582,165869
43.955000,2515023,165888
43.960000,2515464,165907
43.965000,2515905,165926
43.970000,2516346,165946
43.985000,2516787,165965
43.990000,2517228,165984
43.995000,2517669,166003
44.000000,2518110,166013
44.005000,2518551,166022
44.010000,2518992,166042
44.015000,2519433,166061
44.020000,2519874,166080
44.025000,2520315,166099
44.030000,2520756,166118
44.035000,2521197,166138
44.040000,2521638,166157
44.045000,2522079,166176
44.050000,2522520,166195
44.055000,2522961,166214
44.060000,2523402,166234
44.065000,2523843,166253
44.070000,2524284,166272
44.075000,2524725,166291
44.080000,2525166,166310
44.085000,2525607,166330
44.090000,2526048,166349
44.095000,2526489,166368
44.100000,2526930,166387
44.105000,2527371,166406
44.110000,2527812,166426
44.115000,2528253,166445
44.245000,2528694,167021
44.250000,2529135,167040
44.255000,2529576,167059
44.260000,2530017,167078
44.265000,2530458,167098
44.270000,2530899,167117
44.275000,2531340,167194
44.280000,2531781,167213
44.285000,2532222,167232
44.290000,2532663,167251
44.295000,2533104,167270
44.300000,2533545,167290
44.305000,2533986,167309
44.310000,2534427,167328
44.315000,2534868,167347
44.320000,2535309,167366
44.325000,2535750,167386
44.375000,2536191,167424
44.380000,2536632,167443
44.385000,2537073,167462
44.390000,2537514,167482
44.395000,2537955,167501
44.400000,2538396,167520
44.405000,2538837,167539
44.410000,2539278,167558
44.415000,2539719,167578
44.420000,2540160,167597
44.425000,2540601,167616
44.430000,2541042,167635
44.435000,2541483,167654
44.485000,2541924,167942
44.490000,2542365,167962
44.495000,2542806,167981
44.500000,2543247,168000
44.505000,2543688,168019
44.510000,2544129,168038
44.515000,2544570,168058
44.520000,2545011,168077
44.525000,2545452,168096
44.530000,2545893,168115
44.535000,2546334,168134
44.540000,2546775,168154
44.545000,2547216,168173
44.550000,2547657,168192
44.555000,2548098,168211
44.560000,2548539,168230
44.565000,2548980,168250
44.570000,2549421,168269
44.575000,2549862,168288
44.580000,2550303,168307
44.585000,2550744,168326
44.590000,2551185,168346
44.595000,2551626,168365
44.600000,2552067,168384
44.690000,2552508,168730
44.695000,2552949,168749
44.700000,2553390,168768
44.705000,2553831,168787
44.710000,2554272,168806
44.715000,2554713,168826
44.720000,2555154,168845
44.725000,2555595,168864
44.730000,2556036,168883
44.735000,2556477,168902
44.740000,2556918,168922
44.745000,2557359,168941
44.750000,2557800,168960
44.755000,2558241,168979
44.760000,2558682,168998
44.765000,2559123,169018
44.770000,2559564,169037
44.775000,2560005,169056
44.780000,2560446,169075
44.785000,2560887,169094
44.790000,2561328,169114
44.795000,2561769,169133
44.800000,2562210,169152
44.805000,2562651,169171
44.810000,2563092,169190
44.815000,2563533,169210
44.820000,2563974,169229
44.825000,2564415,169248
44.830000,2564856,169267
44.835000,2565297,169286
44.840000,2565738,169306
44.845000,2566179,169325
44.850000,2566620,169344
44.855000,2567061,169363
44.860000,2567502,169382
44.865000,2567943,169402
44.870000,2568384,169421
44.995000,2568825,169901
45.000000,2569266,169920
45.005000,2569707,169939
45.010000,2570148,169958
45.015000,2570589,169978
45.020000,2571030,169997
45.025000,2571471,170016
45.030000,2571912,170035
45.035000,2572353,170054
45.040000,2572794,170074
45.045000,2573235,170093
45.050000,2573676,170112
45.190000,2574117,170650
45.195000,2574558,170669
45.200000,2574999,170688
45.205000,2575440,170707
45.210000,2575881,170726
45.215000,2576322,170746
45.220000,2576763,170765
45.225000,2577204,170784
45.230000,2577645,170803
45.235000,2578086,170822
45.240000,2578527,170842
45.245000,2578968,170861
45.250000,2579409,170880
45.255000,2579850,170899
45.260000,2580291,170918
45.265000,2580732,170938
45.270000,2581173,170957
45.275000,2581614,170976
45.280000,2582055,170995
45.285000,2582496,171014
45.290000,2582937,171034
45.295000,2583378,171053
45.300000,2583819,171072
45.305000,2584260,171091
45.310000,2584701,171110
45.315000,2585142,171130
45.320000,2585583,171149
45.325000,2586024,171168
45.330000,2586465,171187
45.335000,2586906,171206
45.340000,2587347,171226
45.345000,2587788,171245
45.350000,2588229,171264
45.355000,2588670,171283
45.360000,2589111,171302
45.365000,2589552,171322
45.370000,2589993,171341
45.375000,2590434,171360
45.380000,2590875,171379
45.385000,2591316,171398
45.390000,2591757,171418
45.395000,2592198,171437
45.400000,2592639,171456
45.405000,2593080,171475
45.410000,2593521,171494
45.415000,2593962,171514
45.420000,2594403,171533
45.425000,2594844,171552
45.430000,2595285,171571
45.435000,2595726,171590
45.460000,2596167,171686
45.465000,2596608,171706
45.470000,2597049,171725
45.475000,2597490,171744
45.480000,2597931,171763
45.485000,2598372,171782
45.490000,2598813,171802
45.495000,2599254,171821
45.500000,2599695,171840
45.505000,2600136,171859
45.510000,2600577,171878
45.515000,2601018,171898
45.520000,2601459,171917
45.525000,2601900,171936
45.530000,2602341,171955
45.535000,2602782,171974
45.540000,2603223,171994
45.545000,2603664,172013
45.550000,2604105,172032
45.555000,2604546,172051
45.560000,2604987,172070
45.565000,2605428,172090
45.570000,2605869,172109
45.575000,2606310,172128
45.580000,2606751,172147
45.585000,2607192,172166
45.590000,2607633,172186
45.595000,2608074,172205
45.600000,2608515,172224
45.735000,2608956,172742
45.740000,2609397,172762
45.745000,2609838,172781
45.750000,2610279,172800
45.755000,2610720,172819
45.760000,2611161,172838
45.765000,2611602,172858
45.770000,2612043,172877
45.775000,2612484,172896
45.780000,2612925,172915
45.785000,2613366,172934
45.790000,2613807,172954
45.795000,2614248,172973
45.800000,2614689,172992
45.805000,2615130,173011
45.810000,2615571,173030
45.815000,2616012,173050
45.820000,2616453,173069
45.825000,2616894,173088
45.830000,2617335,173107
45.835000,2617776,173126
45.840000,2618217,173146
45.845000,2618658,173165
45.850000,2619099,173184
45.855000,2619540,173203
45.860000,2619981,173222
45.865000,2620422,173242
45.870000,2620863,173261
45.875000,2621304,173280
45.880000,2621745,173299
45.975000,2622186,173664
45.980000,2622627,173683
45.985000,2623068,173702
45.990000,2623509,173722
45.995000,2623950,173741
46.000000,2624391,173760
46.005000,2624832,173779
46.010000,2625273,173798
46.015000,2625714,173818
46.020000,2626155,173837
46.025000,2626596,173856
46.030000,2627037,173875
46.035000,2627478,173894
46.040000,2627919,173914
46.045000,2628360,173933
46.050000,2628801,173952
46.055000,2629242,173971
46.060000,2629683,173990
46.065000,2630124,174010
46.070000,2630565,174029
46.075000,2631006,174048
46.080000,2631447,174067
46.085000,2631888,174086
46.090000,2632329,174106
46.095000,2632770,174125
46.100000,2633211,174144
46.105000,2633652,174163
46.110000,2634093,174182
46.115000,2634534,174202
46.120000,2634975,174221
46.125000,2635416,174240
46.130000,2635857,174259
46.135000,2636298,174278
46.240000,2636739,174682
46.245000,2637180,174701
46.250000,2637621,174720
46.255000,2638062,174739
46.260000,2638503,174758
46.265000,2638944,174778
46.270000,2639385,174797
46.275000,2639826,174816
46.280000,2640267,174835
46.285000,2640708,174854
46.290000,2641149,174874
46.295000,2641590,174893
46.345000,2642031,175085
46.350000,2642472,175104
46.355000,2642913,175123
46.360000,2643354,175142
46.365000,2643795,175162
46.370000,2644236,175181
46.375000,2644677,175200
46.380000,2645118,175219
46.385000,2645559,175238
46.390000,2646000,175258
46.395000,2646441,175277
46.400000,2646882,175296
46.405000,2647323,175315
46.410000,2647764,175334
46.415000,2648205,175354
46.420000,2648646,175373
46.425000,2649087,175392
46.430000,2649528,175411
46.475000,2649969,175584
46.480000,2650410,175603
46.485000,2650851,175622
46.490000,2651292,175642
46.495000,2651733,175661
46.500000,2652174,175680
46.505000,2652615,175699
46.510000,2653056,175718
46.515000,2653497,175738
46.520000,2653938,175757
46.525000,2654379,175776
46.530000,2654820,175795
46.535000,2655261,175814
46.540000,2655702,175834
46.545000,2656143,175853
46.550000,2656584,175872
46.555000,2657025,175891
46.560000,2657466,175910
46.565000,2657907,175930
46.570000,2658348,175949
46.575000,2658789,175968
46.580000,2659230,175987
46.585000,2659671,176006
46.590000,2660112,176026
46.595000,2660553,176045
46.600000,2660994,176064
46.605000,2661435,176083
46.610000,2661876,176102
46.615000,2662317,176122
46.620000,2662758,176141
46.625000,2663199,176160
46.630000,2663640,176179
46.635000,2664081,176198
46.740000,2664522,176602
46.745000,2664963,176621
46.750000,2665404,176640
46.755000,2665845,176659
46.760000,2666286,176678
46.765000,2666727,176698
46.770000,2667168,176717
46.775000,2667609,176736
46.780000,2668050,176755
46.785000,2668491,176774
46.790000,2668932,176794
46.795000,2669373,176813
46.800000,2669814,176832
46.805000,2670255,176851
46.810000,2670696,176870
46.815000,2671137,176890
46.860000,2671578,177043
46.865000,2672019,177062
46.870000,2672460,177082
46.875000,2672901,177101
46.880000,2673342,177120
46.885000,2673783,177139
46.890000,2674224,177158
46.905000,2674665,177235
46.910000,2675106,177254
46.915000,2675547,177274
46.920000,2675988,177293
46.925000,2676429,177312
46.930000,2676870,177331
46.935000,2677311,177350
46.940000,2677752,177370
46.945000,2678193,177389
46.950000,2678634,177408
46.955000,2679075,177427
46.960000,2679516,177446
46.965000,2679957,177466
46.995000,2680398,177581
47.000000,2680839,177600
47.005000,2681280,177619
47.010000,2681721,177638
47.015000,2682162,177658
47.020000,2682603,177677
47.025000,2683044,177696
47.030000,2683485,177715
47.035000,2683926,177734
47.040000,2684367,177754
47.045000,2684808,177773
47.050000,2685249,177792
47.055000,2685690,177811
47.060000,2686131,177830
47.065000,2686572,177850
47.070000,2687013,177869
47.075000,2687454,177888
47.080000,2687895,177907
47.085000,2688336,177926
47.090000,2688777,177946
47.095000,2689218,177965
47.100000,2689659,177984
47.105000,2690100,178003
47.110000,2690541,178022
47.115000,2690982,178042
47.120000,2691423,178061
47.125000,2691864,178080
47.130000,2692305,178099
47.135000,2692746,178118
47.140000,2693187,178138
47.145000,2693628,178157
47.150000,2694069,178176
47.155000,2694510,178195
47.160000,2694951,178214
47.165000,2695392,178234
47.170000,2695833,178253
47.175000,2696274,178272
47.180000,2696715,178291
47.185000,2697156,178310
47.190000,2697597,178330
47.195000,2698038,178349
47.200000,2698479,178368
47.205000,2698920,178387
47.210000,2699361,178406
47.215000,2699802,178426
47.220000,2700243,178445
47.225000,2700684,178464
47.230000,2701125,178483
47.235000,2701566,178502
47.240000,2702007,178522
47.245000,2702448,178541
47.250000,2702889,178560
47.255000,2703330,178579
47.260000,2703771,178598
47.265000,2704212,178618
47.270000,2704653,178637
47.275000,2705094,178656
47.280000,2705535,178675
47.285000,2705976,178694
47.290000,2706417,178714
47.295000,2706858,178733
47.300000,2707299,178752
47.305000,2707740,178771
47.310000,2708181,178790
47.315000,2708622,178810
47.320000,2709063,178829
47.325000,2709504,178848
47.330000,2709945,178867
47.335000,2710386,178886
47.340000,2710827,178906
47.345000,2711268,178925
47.350000,2711709,178944
47.355000,2712150,178963
47.410000,2712591,179174
47.415000,2713032,179194
47.420000,2713473,179213
47.425000,2713914,179232
47.485000,2714355,179462
47.490000,2714796,179482
47.495000,2715237,179501
47.515000,2715678,179578
47.520000,2716119,179597
47.525000,2716560,179616
47.530000,2717001,179635
47.535000,2717442,179654
47.540000,2717883,179674
47.545000,2718324,179693
47.550000,2718765,179712
47.555000,2719206,179731
47.560000,2719647,179750
47.565000,2720088,179770
47.570000,2720529,179789
47.575000,2720970,179808
47.580000,2721411,179827
47.585000,2721852,179846
47.745000,2722293,180461
47.750000,2722734,180480
47.755000,2723175,180499
47.760000,2723616,180518
47.765000,2724057,180538
47.770000,2724498,180557
47.775000,2724939,180576
47.780000,2725380,180595
47.785000,2725821,180614
47.790000,2726262,180634
47.795000,2726703,180653
47.800000,2727144,180672
47.805000,2727585,180691
47.810000,2728026,180710
47.815000,2728467,180730
47.820000,2728908,180749
47.825000,2729349,180768
47.830000,2729790,180787
47.835000,2730231,180806
47.840000,2730672,180826
47.845000,2731113,180845
47.850000,2731554,180864
47.855000,2731995,180883
47.860000,2732436,180902
47.865000,2732877,180922
47.870000,2733318,180941
47.875000,2733759,180960
47.880000,2734200,180979
47.885000,2734641,180998
47.890000,2735082,181018
47.895000,2735523,181037
47.900000,2735964,181056
47.905000,2736405,181075
47.910000,2736846,181094
47.965000,2737287,181306
47.970000,2737728,181325
47.975000,2738169,181344
47.980000,2738610,181363
47.985000,2739051,181382
47.990000,2739492,181402
47.995000,2739933,181421
48.000000,2740374,181440
48.005000,2740815,181459
48.010000,2741256,181478
48.015000,2741697,181498
48.020000,2742138,181517
48.025000,2742579,181536
48.030000,2743020,181555
48.035000,2743461,181574
48.040000,2743902,181594
48.045000,2744343,181613
48.050000,2744784,181632
48.055000,2745225,181651
48.060000,2745666,181670
48.065000,2746107,181690
48.070000,2746548,181709
48.075000,2746989,181728
48.080000,2747430,181747
48.085000,2747871,181766
48.090000,2748312,181786
48.095000,2748753,181805
48.100000,2749194,181824
48.105000,2749635,181843
48.110000,2750076,181862
48.115000,2750517,181882
48.120000,2750958,181901
48.125000,2751399,181920
48.130000,2751840,181939
48.135000,2752281,181958
48.140000,2752722,181978
48.145000,2753163,181997
48.150000,2753604,182016
48.155000,2754045,182035
48.160000,2754486,182054
48.235000,2754927,182342
48.240000,2755368,182362
48.245000,2755809,182381
48.250000,2756250,182400
48.255000,2756691,182419
48.260000,2757132,182438
48.265000,2757573,182458
48.270000,2758014,182477
48.275000,2758455,182496
48.280000,2758896,182515
48.285000,2759337,182534
48.290000,2759778,182554
48.300000,2760219,182592
48.305000,2760660,182611
48.310000,2761101,182630
48.315000,2761542,182650
48.320000,2761983,182669
48.325000,2762424,182688
48.330000,2762865,182707
48.335000,2763306,182726
48.340000,2763747,182746
48.345000,2764188,182765
48.350000,2764629,182784
48.355000,2765070,182803
48.360000,2765511,182822
48.365000,2765952,182842
48.370000,2766393,182861
48.375000,2766834,182880
48.380000,2767275,182899
48.385000,2767716,182918
48.390000,2768157,182938
48.395000,2768598,182957
48.400000,2769039,182976
48.405000,2769480,182995
48.425000,2769921,183072
48.440000,2770362,183130
48.445000,2770803,183149
48.450000,2771244,183168
48.455000,2771685,183187
48.460000,2772126,183206
48.465000,2772567,183226
48.470000,2773008,183245
48.475000,2773449,183264
48.480000,2773890,183283
48.485000,2774331,183302
48.490000,2774772,183322
48.495000,2775213,183341
48.500000,2775654,183360
48.505000,2776095,183379
48.510000,2776536,183398
48.515000,2776977,183418
48.520000,2777418,183437
48.525000,2777859,183456
48.530000,2778300,183475
48.535000,2778741,183494
48.540000,2779182,183514
48.545000,2779623,183533
48.550000,2780064,183552
48.555000,2780505,183571
48.560000,2780946,183590
48.565000,2781387,183610
48.570000,2781828,183629
48.575000,2782269,183648
48.580000,2782710,183667
48.585000,2783151,183686
48.590000,2783592,183706
48.595000,2784033,183725
48.600000,2784474,183744
48.605000,2784915,183763
48.610000,2785356,183782
48.615000,2785797,183802
48.620000,2786238,183821
48.625000,2786679,183840
48.630000,2787120,183859
48.635000,2787561,183878
48.640000,2788002,183898
48.645000,2788443,183917
48.650000,2788884,183936
48.655000,2789325,183955
48.660000,2789766,183974
48.665000,2790207,183994
48.670000,2790648,184013
48.675000,2791089,184032
48.680000,2791530,184051
48.685000,2791971,184070
48.690000,2792412,184090
48.695000,2792853,184109
48.700000,2793294,184128
48.705000,2793735,184147
48.710000,2794176,184166
48.715000,2794617,184186
48.720000,2795058,184205
48.725000,2795499,184224
48.730000,2795940,184243
48.735000,2796381,184262
48.740000,2796822,184282
48.745000,2797263,184301
48.780000,2797704,184435
48.800000,2798145,184512
48.805000,2798586,184531
48.845000,2799027,184685
48.850000,2799468,184704
48.855000,2799909,184723
48.860000,2800350,184742
48.865000,2800791,184762
48.870000,2801232,184781
48.875000,2801673,184800
48.880000,2802114,184819
48.885000,2802555,184838
48.890000,2802996,184858
48.895000,2803437,184877
48.900000,2803878,184896
48.905000,2804319,184915
48.910000,2804760,184934
48.915000,2805201,184954
48.920000,2805642,184973
48.925000,2806083,184992
48.930000,2806524,185011
48.935000,2806965,185030
48.940000,2807406,185050
48.945000,2807847,185069
48.950000,2808288,185088
48.955000,2808729,185107
48.960000,2809170,185126
48.965000,2809611,185146
48.970000,2810052,185165
48.990000,2810493,185242
48.995000,2810934,185261
49.000000,2811375,185280
49.005000,2811816,185299
49.010000,2812257,185318
49.015000,2812698,185338
49.020000,2813139,185357
49.025000,2813580,185376
49.030000,2814021,185395
49.035000,2814462,185414
49.040000,2814903,185434
49.045000,2815344,185453
49.050000,2815785,185472
49.055000,2816226,185491
49.060000,2816667,185510
49.065000,2817108,185530
49.070000,2817549,185549
49.075000,2817990,185568
49.080000,2818431,185587
49.085000,2818872,185606
49.090000,2819313,185626
49.095000,2819754,185645
49.100000,2820195,185664
49.105000,2820636,185683
49.110000,2821077,185702
49.115000,2821518,185722
49.120000,2821959,185741
49.125000,2822400,185760
49.130000,2822841,185779
49.135000,2823282,185798
49.140000,2823723,185818
49.145000,2824164,185837
49.150000,2824605,185856
49.155000,2825046,185875
49.160000,2825487,185894
49.165000,2825928,185914
49.170000,2826369,185933
49.175000,2826810,185952
49.180000,2827251,185971
49.185000,2827692,185990
49.190000,2828133,186010
49.195000,2828574,186029
49.200000,2829015,186048
49.205000,2829456,186067
49.210000,2829897,186086
49.215000,2830338,186106
49.220000,2830779,186125
49.225000,2831220,186144
49.230000,2831661,186163
49.235000,2832102,186182
49.240000,2832543,186202
49.245000,2832984,186221
49.250000,2833425,186240
49.255000,2833866,186259
49.260000,2834307,186278
49.265000,2834748,186298
49.270000,2835189,186317
49.275000,2835630,186336
49.280000,2836071,186355
49.285000,2836512,186374
49.290000,2836953,186394
49.295000,2837394,186413
49.300000,2837835,186432
49.305000,2838276,186451
49.310000,2838717,186470
49.315000,2839158,186490
49.320000,2839599,186509
49.325000,2840040,186528
49.330000,2840481,186547
49.335000,2840922,186566
49.340000,2841363,186586
49.475000,2841804,187104
49.480000,2842245,187123
49.485000,2842686,187142
49.490000,2843127,187162
49.495000,2843568,187181
49.500000,2844009,187200
49.505000,2844450,187219
49.510000,2844891,187238
49.515000,2845332,187258
49.705000,2845773,187987
49.710000,2846214,188006
49.715000,2846655,188026
49.720000,2847096,188045
49.725000,2847537,188064
49.730000,2847978,188083
49.735000,2848419,188102
49.740000,2848860,188122
49.745000,2849301,188141
49.750000,2849742,188160
49.755000,2850183,188179
49.760000,2850624,188198
49.765000,2851065,188218
49.770000,2851506,188237
49.775000,2851947,188256
49.780000,2852388,188275
49.785000,2852829,188294
49.790000,2853270,188314
49.795000,2853711,188333
49.800000,2854152,188352
49.805000,2854593,188371
49.810000,2855034,188390
49.910000,2855475,188774
49.915000,2855916,188794
49.920000,2856357,188813
49.925000,2856798,188832
49.930000,2857239,188851
49.935000,2857680,188870
49.940000,2858121,188890
49.945000,2858562,188909
49.950000,2859003,188928
49.955000,2859444,188947
49.960000,2859885,188966
49.965000,2860326,188986
49.970000,2860767,189005
49.975000,2861208,189024
49.980000,2861649,189043
49.985000,2862090,189062
49.990000,2862531,189082
49.995000,2862972,189101
50.000000,2863413,189120
50.005000,2863854,189139
50.010000,2864295,189158
50.015000,2864736,189178
50.020000,2865177,189197
50.025000,2865618,189216
50.030000,2866059,189235
50.035000,2866500,189254
50.040000,2866941,189274
50.045000,2867382,189293
50.050000,2867823,189312
50.055000,2868264,189331
50.060000,2868705,189350
50.065000,2869146,189370
50.070000,2869587,189389
50.075000,2870028,189408
50.080000,2870469,189427
50.085000,2870910,189446
50.090000,2871351,189466
50.095000,2871792,189485
50.100000,2872233,189504
50.105000,2872674,189523
50.110000,2873115,189542
50.115000,2873556,189562
50.160000,2873997,189734
50.165000,2874438,189754
50.170000,2874879,189773
50.175000,2875320,189792
50.180000,2875761,189811
50.185000,2876202,189830
50.190000,2876643,189850
50.195000,2877084,189869
50.200000,2877525,189888
50.205000,2877966,189907
50.210000,2878407,189926
50.215000,2878848,189946
50.220000,2879289,189965
50.225000,2879730,189984
50.230000,2880171,190003
50.235000,2880612,190022
50.240000,2881053,190042
50.245000,2881494,190061
50.250000,2881935,190080
50.255000,2882376,190099
50.260000,2882817,190118
50.265000,2883258,190138
50.270000,2883699,190157
50.275000,2884140,190176
50.280000,2884581,190195
50.285000,2885022,190214
50.290000,2885463,190234
50.295000,2885904,190253
50.300000,2886345,190272
50.305000,2886786,190291
50.310000,2887227,190310
50.315000,2887668,190330
50.320000,2888109,190349
50.325000,2888550,190368
50.330000,2888991,190387
50.335000,2889432,190406
50.340000,2889873,190426
50.345000,2890314,190445
50.350000,2890755,190464
50.355000,2891196,190483
50.360000,2891637,190502
50.365000,2892078,190522
50.370000,2892519,190541
50.375000,2892960,190560
50.380000,2893401,190579
50.385000,2893842,190598
50.390000,2894283,190618
50.395000,2894724,190637
50.400000,2895165,190656
50.405000,2895606,190675
50.410000,2896047,190694
50.415000,2896488,190714
50.420000,2896929,190733
50.425000,2897370,190752
50.430000,2897811,190771
50.435000,2898252,190790
50.440000,2898693,190810
50.445000,2899134,190829
50.450000,2899575,190848
50.455000,2900016,190867
50.715000,2900457,191866
50.720000,2900898,191885
50.725000,2901339,191904
50.730000,2901780,191923
50.735000,2902221,191942
50.740000,2902662,191962
50.745000,2903103,191981
50.750000,2903544,192000
50.755000,2903985,192019
50.760000,2904426,192038
50.765000,2904867,192058
50.770000,2905308,192077
50.775000,2905749,192096
50.780000,2906190,192115
50.785000,2906631,192134
50.790000,2907072,192154
50.795000,2907513,192173
50.800000,2907954,192192
50.805000,2908395,192211
50.810000,2908836,192230
50.815000,2909277,192250
50.820000,2909718,192269
50.825000,2910159,192288
50.830000,2910600,192307
50.835000,2911041,192326
50.840000,2911482,192346
50.845000,2911923,192365
50.850000,2912364,192384
50.855000,2912805,192403
50.960000,2913246,192806
50.965000,2913687,192826
50.970000,2914128,192845
50.975000,2914569,192864
50.980000,2915010,192883
50.985000,2915451,192902
50.990000,2915892,192922
50.995000,2916333,192941
51.000000,2916774,192960
51.005000,2917215,192979
51.010000,2917656,192998
51.015000,2918097,193018
51.020000,2918538,193037
51.025000,2918979,193056
51.030000,2919420,193075
51.035000,2919861,193094
51.040000,2920302,193114
51.045000,2920743,193133
51.050000,2921184,193152
51.055000,2921625,193171
51.060000,2922066,193190
51.065000,2922507,193210
51.070000,2922948,193229
51.170000,2923389,193613
51.175000,2923830,193632
51.180000,2924271,193651
51.185000,2924712,193670
51.190000,2925153,193690
51.195000,2925594,193709
51.200000,2926035,193728
51.205000,2926476,193747
51.210000,2926917,193766
51.215000,2927358,193786
51.220000,2927799,193805
51.225000,2928240,193824
51.230000,2928681,193843
51.235000,2929122,193862
51.240000,2929563,193882
51.245000,2930004,193901
51.250000,2930445,193920
51.255000,2930886,193939
51.260000,2931327,193958
51.265000,2931768,193978
51.270000,2932209,193997
51.275000,2932650,194016
51.280000,2933091,194035
51.285000,2933532,194054
51.290000,2933973,194074
51.295000,2934414,194093
51.300000,2934855,194112
51.305000,2935296,194131
51.310000,2935737,194150
51.315000,2936178,194170
51.320000,2936619,194189
51.325000,2937060,194208
51.330000,2937501,194227
51.335000,2937942,194246
51.340000,2938383,194266
51.345000,2938824,194285
51.350000,2939265,194304
51.355000,2939706,194323
51.360000,2940147,194342
51.365000,2940588,194362
51.370000,2941029,194381
51.375000,2941470,194400
51.380000,2941911,194419
51.385000,2942352,194438
51.495000,2942793,194861
51.500000,2943234,194880
51.505000,2943675,194899
51.510000,2944116,194918
51.515000,2944557,194938
51.520000,2944998,194957
51.525000,2945439,194976
51.530000,2945880,194995
51.535000,2946321,195014
51.540000,2946762,195034
51.545000,2947203,195053
51.550000,2947644,195072
51.555000,2948085,195091
51.560000,2948526,195110
51.565000,2948967,195130
51.675000,2949408,195552
51.680000,2949849,195571
51.685000,2950290,195590
51.690000,2950731,195610
51.695000,2951172,195629
51.700000,2951613,195648
51.705000,2952054,195667
51.710000,2952495,195686
51.715000,2952936,195706
51.720000,2953377,195725
51.725000,2953818,195744
51.730000,2954259,195763
51.735000,2954700,195782
51.740000,2955141,195802
51.745000,2955582,195821
51.750000,2956023,195840
51.755000,2956464,195859
51.760000,2956905,195878
51.765000,2957346,195898
51.770000,2957787,195917
51.775000,2958228,195936
51.780000,2958669,195955
51.785000,2959110,195974
51.790000,2959551,195994
51.795000,2959992,196013
51.800000,2960433,196032
51.805000,2960874,196051
51.810000,2961315,196070
51.815000,2961756,196090
51.820000,2962197,196109
51.825000,2962638,196128
51.830000,2963079,196147
51.835000,2963520,196166
51.840000,2963961,196186
51.845000,2964402,196205
51.850000,2964843,196224
51.855000,2965284,196243
51.860000,2965725,196262
51.865000,2966166,196282
51.870000,2966607,196301
51.875000,2967048,196320
51.880000,2967489,196339
51.885000,2967930,196358
51.890000,2968371,196378
51.895000,2968812,196397
51.900000,2969253,196416
51.995000,2969694,196781
52.000000,2970135,196800
52.005000,2970576,196819
52.010000,2971017,196838
52.015000,2971458,196858
52.020000,2971899,196877
52.025000,2972340,196896
52.030000,2972781,196915
52.035000,2973222,196934
52.040000,2973663,196954
52.045000,2974104,196973
52.050000,2974545,196992
52.055000,2974986,197011
52.060000,2975427,197030
52.065000,2975868,197050
52.070000,2976309,197069
52.075000,2976750,197088
52.080000,2977191,197107
52.085000,2977632,197126
52.090000,2978073,197146
52.095000,2978514,197165
52.100000,2978955,197184
52.105000,2979396,197203
52.110000,2979837,197222
52.115000,2980278,197242
52.120000,2980719,197261
52.125000,2981160,197280
52.130000,2981601,197299
52.230000,2982042,197683
52.235000,2982483,197702
52.240000,2982924,197722
52.245000,2983365,197741
52.250000,2983806,197760
52.255000,2984247,197779
52.260000,2984688,197798
52.265000,2985129,197818
52.270000,2985570,197837
52.275000,2986011,197856
52.280000,2986452,197875
52.285000,2986893,197894
52.290000,2987334,197914
52.295000,2987775,197933
52.300000,2988216,197952
52.305000,2988657,197971
52.310000,2989098,197990
52.315000,2989539,198010
52.320000,2989980,198029
52.325000,2990421,198048
52.330000,2990862,198067
52.335000,2991303,198086
52.340000,2991744,198106
52.345000,2992185,198125
52.350000,2992626,198144
52.355000,2993067,198163
52.360000,2993508,198182
52.365000,2993949,198202
52.370000,2994390,198221
52.375000,2994831,198240
52.485000,2995272,198662
52.490000,2995713,198682
52.495000,2996154,198701
52.500000,2996595,198720
52.505000,2997036,198739
52.510000,2997477,198758
52.515000,2997918,198778
52.520000,2998359,198797
52.525000,2998800,198816
52.530000,2999241,198835
52.535000,2999682,198854
52.540000,3000123,198874
52.545000,3000564,198893
52.550000,3001005,198912
52.555000,3001446,198931
52.560000,3001887,198950
52.565000,3002328,198970
52.570000,3002769,198989
52.575000,3003210,199008
52.680000,3003651,199411
52.685000,3004092,199430
52.690000,3004533,199450
52.695000,3004974,199469
52.700000,3005415,199488
52.705000,3005856,199507
52.710000,3006297,199526
52.715000,3006738,199546
52.720000,3007179,199565
52.725000,3007620,199584
52.730000,3008061,199603
52.735000,3008502,199622
52.740000,3008943,199642
52.745000,3009384,199661
52.750000,3009825,199680
52.755000,3010266,199699
52.760000,3010707,199718
52.765000,3011148,199738
52.770000,3011589,199757
52.775000,3012030,199776
52.780000,3012471,199795
52.785000,3012912,199814
52.790000,3013353,199834
52.795000,3013794,199853
52.800000,3014235,199872
52.805000,3014676,199891
52.810000,3015117,199910
52.815000,3015558,199930
52.820000,3015999,199949
52.825000,3016440,199968
52.830000,3016881,199987
52.835000,3017322,200006
52.840000,3017763,200026
52.845000,3018204,200045
52.850000,3018645,200064
52.855000,3019086,200083
52.860000,3019527,200102
52.865000,3019968,200122
52.870000,3020409,200141
52.875000,3020850,200160
52.880000,3021291,200179
52.885000,3021732,200198
52.890000,3022173,200218
52.985000,3022614,200582
52.990000,3023055,200602
52.995000,3023496,200621
53.000000,3023937,200640
53.005000,3024378,200659
53.010000,3024819,200678
53.015000,3025260,200698
53.020000,3025701,200717
53.025000,3026142,200736
53.030000,3026583,200755
53.035000,3027024,200774
53.040000,3027465,200794
53.045000,3027906,200813
53.050000,3028347,200832
53.055000,3028788,200851
53.060000,3029229,200870
53.065000,3029670,200890
53.070000,3030111,200909
53.075000,3030552,200928
53.080000,3030993,200947
53.085000,3031434,200966
53.090000,3031875,200986
53.095000,3032316,201005
53.100000,3032757,201024
53.105000,3033198,201043
53.110000,3033639,201062
53.115000,3034080,201082
53.120000,3034521,201101
53.225000,3034962,201504
53.230000,3035403,201523
53.235000,3035844,201542
53.240000,3036285,201562
53.245000,3036726,201581
53.250000,3037167,201600
53.255000,3037608,201619
53.275000,3038049,201696
53.295000,3038490,201773
53.300000,3038931,201792
53.305000,3039372,201811
53.310000,3039813,201830
53.315000,3040254,201850
53.320000,3040695,201869
53.325000,3041136,201888
53.330000,3041577,201907
53.335000,3042018,201926
53.340000,3042459,201946
53.370000,3042900,202061
53.375000,3043341,202080
53.380000,3043782,202099
53.385000,3044223,202118
53.390000,3044664,202138
53.395000,3045105,202157
53.400000,3045546,202176
53.405000,3045987,202195
53.410000,3046428,202214
53.415000,3046869,202234
53.420000,3047310,202253
53.425000,3047751,202272
53.470000,3048192,202445
53.475000,3048633,202464
53.480000,3049074,202483
53.485000,3049515,202502
53.490000,3049956,202522
53.495000,3050397,202541
53.500000,3050838,202560
53.505000,3051279,202579
53.510000,3051720,202598
53.515000,3052161,202618
53.520000,3052602,202637
53.525000,3053043,202656
53.530000,3053484,202675
53.535000,3053925,202694
53.540000,3054366,202714
53.545000,3054807,202733
53.550000,3055248,202752
53.555000,3055689,202771
53.560000,3056130,202790
53.565000,3056571,202810
53.570000,3057012,202829
53.575000,3057453,202848
53.580000,3057894,202867
53.585000,3058335,202886
53.590000,3058776,202906
53.595000,3059217,202925
53.600000,3059658,202944
53.605000,3060099,202963
53.610000,3060540,202982
53.615000,3060981,203002
53.620000,3061422,203021
53.720000,3061863,203405
53.725000,3062304,203424
53.730000,3062745,203443
53.735000,3063186,203462
53.740000,3063627,203482
53.745000,3064068,203501
53.750000,3064509,203520
53.755000,3064950,203539
53.760000,3065391,203558
53.765000,3065832,203578
53.770000,3066273,203597
53.775000,3066714,203616
53.780000,3067155,203635
53.785000,3067596,203654
53.790000,3068037,203674
53.795000,3068478,203693
53.800000,3068919,203712
53.835000,3069360,203846
53.840000,3069801,203866
53.845000,3070242,203885
53.850000,3070683,203904
53.855000,3071124,203923
53.860000,3071565,203942
53.865000,3072006,203962
53.870000,3072447,203981
53.875000,3072888,204000
53.880000,3073329,204019
53.885000,3073770,204038
53.890000,3074211,204058
53.895000,3074652,204077
53.900000,3075093,204096
53.905000,3075534,204115
53.910000,3075975,204134
53.915000,3076416,204154
53.920000,3076857,204173
53.925000,3077298,204192
53.930000,3077739,204211
53.935000,3078180,204230
53.990000,3078621,204442
53.995000,3079062,204461
54.000000,3079503,204480
54.005000,3079944,204499
54.010000,3080385,204518
54.015000,3080826,204538
54.020000,3081267,204557
54.025000,3081708,204576
54.030000,3082149,204595
54.035000,3082590,204614
54.040000,3083031,204634
54.045000,3083472,204653
54.050000,3083913,204672
54.055000,3084354,204691
54.060000,3084795,204710
54.065000,3085236,204730
54.070000,3085677,204749
54.075000,3086118,204768
54.080000,3086559,204787
54.085000,3087000,204806
54.090000,3087441,204826
54.095000,3087882,204845
54.100000,3088323,204864
54.105000,3088764,204883
54.200000,3089205,205248
54.205000,3089646,205267
54.210000,3090087,205286
54.215000,3090528,205306
54.220000,3090969,205325
54.225000,3091410,205344
54.230000,3091851,205363
54.235000,3092292,205382
54.240000,3092733,205402
54.245000,3093174,205421
54.250000,3093615,205440
54.255000,3094056,205459
54.260000,3094497,205478
54.265000,3094938,205498
54.270000,3095379,205517
54.275000,3095820,205536
54.280000,3096261,205555
54.285000,3096702,205574
54.290000,3097143,205594
54.295000,3097584,205613
54.300000,3098025,205632
54.305000,3098466,205651
54.310000,3098907,205670
54.315000,3099348,205690
54.320000,3099789,205709
54.350000,3100230,205824
54.355000,3100671,205843
54.360000,3101112,205862
54.365000,3101553,205882
54.370000,3101994,205901
54.375000,3102435,205920
54.380000,3102876,205939
54.410000,3103317,206054
54.415000,3103758,206074
54.420000,3104199,206093
54.425000,3104640,206112
54.430000,3105081,206131
54.435000,3105522,206150
54.440000,3105963,206170
54.445000,3106404,206189
54.450000,3106845,206208
54.455000,3107286,206227
54.460000,3107727,206246
54.465000,3108168,206266
54.470000,3108609,206285
54.475000,3109050,206304
54.480000,3109491,206323
54.485000,3109932,206342
54.490000,3110373,206362
54.495000,3110814,206381
54.500000,3111255,206400
54.505000,3111696,206419
54.510000,3112137,206438
54.515000,3112578,206458
54.520000,3113019,206477
54.525000,3113460,206496
54.530000,3113901,206515
54.535000,3114342,206534
54.540000,3114783,206554
54.545000,3115224,206573
54.550000,3115665,206592
54.555000,3116106,206611
54.560000,3116547,206630
54.565000,3116988,206650
54.570000,3117429,206669
54.575000,3117870,206688
54.580000,3118311,206707
54.585000,3118752,206726
54.590000,3119193,206746
54.595000,3119634,206765
54.600000,3120075,206784
54.605000,3120516,206803
54.610000,3120957,206822
54.615000,3121398,206842
54.620000,3121839,206861
54.625000,3122280,206880
54.630000,3122721,206899
54.635000,3123162,206918
54.640000,3123603,206938
54.645000,3124044,206957
54.650000,3124485,206976
54.655000,3124926,206995
54.660000,3125367,207014
54.665000,3125808,207034
54.725000,3126249,207264
54.730000,3126690,207283
54.735000,3127131,207302
54.740000,3127572,207322
54.745000,3128013,207341
54.750000,3128454,207360
54.755000,3128895,207379
54.760000,3129336,207398
54.765000,3129777,207418
54.770000,3130218,207437
54.775000,3130659,207456
54.780000,3131100,207475
54.785000,3131541,207494
54.790000,3131982,207514
54.795000,3132423,207533
54.800000,3132864,207552
54.805000,3133305,207571
54.810000,3133746,207590
54.815000,3134187,207610
54.820000,3134628,207629
54.825000,3135069,207648
54.830000,3135510,207667
54.835000,3135951,207686
54.840000,3136392,207706
54.845000,3136833,207725
54.850000,3137274,207744
54.855000,3137715,207763
54.860000,3138156,207782
54.865000,3138597,207802
54.870000,3139038,207821
54.875000,3139479,207840
54.880000,3139920,207859
54.885000,3140361,207878
54.890000,3140802,207898
54.895000,3141243,207917
54.900000,3141684,207936
54.905000,3142125,207955
54.910000,3142566,207974
54.915000,3143007,207994
54.920000,3143448,208013
54.925000,3143889,208032
54.930000,3144330,208051
54.935000,3144771,208070
54.940000,3145212,208090
54.945000,3145653,208109
54.950000,3146094,208128
54.955000,3146535,208147
54.960000,3146976,208166
54.965000,3147417,208186
54.970000,3147858,208205
54.975000,3148299,208224
54.980000,3148740,208234
54.985000,3149181,208243
54.990000,3149622,208262
54.995000,3150063,208282
55.000000,3150504,208301
55.000000,3150945,208320
55.000000,3151386,208339
55.000000,3151827,208358
55.000000,3152268,208378
55.000000,3152709,208397
55.000000,3153150,208416
55.000000,3153591,208435
55.000000,3154032,208454
55.000000,3154473,208474
55.000000,3154914,208493
55.000000,3155355,208512
55.000000,3155796,208531
55.000000,3156237,208550
55.000000,3156678,208570
55.000000,3157119,208589
55.000000,3157560,208608
55.000000,3158001,208627
55.000000,3158442,208646
55.000000,3158883,208666
55.000000,3159324,208685
55.000000,3159765,208704
55.000000,3160206,208723
55.000000,3160647,208742
55.000000,3161088,208762
55.000000,3161529,208781
55.000000,3161970,208800
55.000000,3162411,208819
55.000000,3162852,208838
55.000000,3163293,208858
55.000000,3163734,208877
55.000000,3164175,208896
55.000000,3164616,208915
55.000000,3165057,208934
55.000000,3165498,208954
55.000000,3165939,208973
55.000000,3166380,208992
55.000000,3166821,209011
55.000000,3167262,209011
55.000000,3167703,209012
55.000000,3168144,209012
55.000000,3168585,209012
55.000000,3169026,209013
55.000000,3169467,209013
55.000000,3169908,209013
55.000000,3170349,209013
55.000000,3170790,209014
55.000000,3171231,209014
55.000000,3171672,209014
55.000000,3172113,209014
55.000000,3172554,209015
55.000000,3172995,209015
55.000000,3173436,209015
55.000000,3173877,209015
55.000000,3174318,209016
55.000000,3174759,209016
55.000000,3175200,209016
55.000000,3175641,209016
55.000000,3176082,209017
55.000000,3176523,209017
55.000000,3176964,209017
55.000000,3177405,209018
55.000000,3177846,209018
55.000000,3178287,209018
55.000000,3178728,209018
55.000000,3179169,209019
55.000000,3179610,209019
55.000000,3180051,209019
55.000000,3180492,209019
55.000000,3180933,209020
55.000000,3181374,209020
55.000000,3181815,209020
55.000000,3182256,209020
55.000000,3182697,209021
55.000000,3183138,209021
55.000000,3183579,209021
55.000000,3184020,209021
55.000000,3184461,209022
55.000000,3184902,209022
55.000000,3185343,209022
55.000000,3185784,209023
55.000000,3186225,209023
55.000000,3186666,209023
55.000000,3187107,209023
55.000000,3187548,209024
55.000000,3187989,209024
55.000000,3188430,209024
55.000000,3188871,209024
55.000000,3189312,209025
55.000000,3189753,209025
55.000000,3190194,209025
55.000000,3190635,209025
55.000000,3191076,209026
55.000000,3191517,209026
55.000000,3191958,209026
55.000000,3192399,209026
55.000000,3192840,209027
55.000000,3193281,209027
55.000000,3193722,209027
55.000000,3194163,209028
55.000000,3194604,209028
55.000000,3195045,209028
55.000000,3195486,209028
55.000000,3195927,209029
55.000000,3196368,209029
55.000000,3196809,209029
55.000000,3197250,209029
55.000000,3197691,209030
55.000000,3198132,209030
55.000000,3198573,209030
55.000000,3199014,209030
55.000000,3199455,209050
55.000000,3199896,209069
55.000000,3200337,209088
55.000000,3200778,209107
55.000000,3201219,209126
55.000000,3201660,209146
55.000000,3202101,209165
55.000000,3202542,209184
55.000000,3202983,209203
55.000000,3203424,209222
55.000000,3203865,209242
55.000000,3204306,209261
55.000000,3204747,209280
55.000000,3205188,209299
55.000000,3205629,209318
55.000000,3206070,209338
55.000000,3206511,209357
55.000000,3206952,209376
55.000000,3207393,209395
55.000000,3207834,209414
55.000000,3208275,209434
55.000000,3208716,209453
55.000000,3209157,209472
55.000000,3209598,209491
55.000000,3210039,209510
55.000000,3210480,209530
55.000000,3210921,209549
55.000000,3211362,209568
55.000000,3211803,209587
55.000000,3212244,209606
55.000000,3212685,209626
55.000000,3213126,209645
55.000000,3213567,209664
55.000000,3214008,209683
55.000000,3214449,209702
55.000000,3214890,209722
55.000000,3215331,209741
55.000000,3215772,209760
55.000000,3216213,209779
55.000000,3216654,209798
55.000000,3217095,209818
55.000000,3217536,209837
55.000000,3217977,209856
55.000000,3218418,209875
55.000000,3218859,209894
55.000000,3219300,209914
55.000000,3219741,209933
55.000000,3220182,209952
55.000000,3220623,209971
55.000000,3221064,209990
55.000000,3221505,210010
55.000000,3221946,210029
55.000000,3222387,210048
55.000000,3222828,210067
55.000000,3223269,210086
55.000000,3223710,210106
55.000000,3224151,210125
55.000000,3224592,210144
55.000000,3225033,210163
55.000000,3225474,210182
55.000000,3225915,210202
55.000000,3226356,210202
55.000000,3226797,210202
55.000000,3227238,210202
55.000000,3227679,210202
55.000000,3228120,210202
55.000000,3228561,210202
55.000000,3229002,210202
55.000000,3229443,210202
55.000000,3229884,210202
55.000000,3230325,210203
55.000000,3230766,210203
55.000000,3231207,210203
55.000000,3231648,210203
55.000000,3232089,210203
55.000000,3232530,210203
55.000000,3232971,210203
55.000000,3233412,210203
55.000000,3233853,210203
55.000000,3234294,210203
55.000000,3234735,210204
55.000000,3235176,210204
55.000000,3235617,210204
55.000000,3236058,210204
55.000000,3236499,210204
55.000000,3236940,210204
55.000000,3237381,210204
55.000000,3237822,210204
55.000000,3238263,210204
55.000000,3238704,210204
55.000000,3239145,210204
55.000000,3239586,210205
55.000000,3240027,210205
55.000000,3240468,210205
55.000000,3240909,210205
55.000000,3241350,210205
55.000000,3241791,210205
55.000000,3242232,210205
55.000000,3242673,210205
55.000000,3243114,210205
55.000000,3243555,210205
55.000000,3243996,210205
55.000000,3244437,210206
55.000000,3244878,210206
55.000000,3245319,210206
55.000000,3245760,210206
55.000000,3246201,210206
55.000000,3246642,210206
55.000000,3247083,210206
55.000000,3247524,210206
55.000000,3247965,210206
55.000000,3248406,210206
55.000000,3248847,210207
55.000000,3249288,210207
55.000000,3249729,210207
55.000000,3250170,210207
55.000000,3250611,210207
55.000000,3251052,210207
55.000000,3251493,210207
55.000000,3251934,210207
55.000000,3252375,210207
55.000000,3252816,210207
55.000000,3253257,210207
55.000000,3253698,210208
55.000000,3254139,210208
55.000000,3254580,210208
55.000000,3255021,210208
55.000000,3255462,210208
55.000000,3255903,210208
55.000000,3256344,210208
55.000000,3256785,210208
55.000000,3257226,210208
55.000000,3257667,210208
55.000000,3258108,210209
55.000000,3258549,210209
55.000000,3258990,210209
55.000000,3259431,210209
55.000000,3259872,210209
55.000000,3260313,210209
55.000000,3260754,210209
55.000000,3261195,210209
55.000000,3261636,210209
55.000000,3262077,210209
55.000000,3262518,210209
55.000000,3262959,210210
55.000000,3263400,210210
55.000000,3263841,210210
55.000000,3264282,210210
55.000000,3264723,210210
55.000000,3265164,210210
55.000000,3265605,210210
55.000000,3266046,210210
55.000000,3266487,210210
55.000000,3266928,210210
55.000000,3267369,210211
55.000000,3267810,210211
55.000000,3268251,210211
55.000000,3268692,210211
55.000000,3269133,210211
55.000000,3269574,210211
55.000000,3270015,210211
55.000000,3270456,210211
55.000000,3270897,210211
55.000000,3271338,210211
55.000000,3271779,210211
55.000000,3272220,210212
55.000000,3272661,210212
55.000000,3273102,210212
55.000000,3273543,210212
55.000000,3273984,210212
55.000000,3274425,210212
55.000000,3274866,210212
55.000000,3275307,210212
55.000000,3275748,210212
55.000000,3276189,210212
55.000000,3276630,210213
55.000000,3277071,210213
55.000000,3277512,210213
55.000000,3277953,210213
55.000000,3278394,210213
55.000000,3278835,210213
55.000000,3279276,210213
55.000000,3279717,210213
55.000000,3280158,210213
55.000000,3280599,210213
55.000000,3281040,210213
55.000000,3281481,210214
55.000000,3281922,210214
55.000000,3282363,210214
55.000000,3282804,210214
55.000000,3283245,210214
55.000000,3283686,210214
55.000000,3284127,210214
55.000000,3284568,210214
55.000000,3285009,210214
55.000000,3285450,210214
55.000000,3285891,210215
55.000000,3286332,210215
55.000000,3286773,210215
55.000000,3287214,210215
55.000000,3287655,210215
55.000000,3288096,210215
55.000000,3288537,210215
55.000000,3288978,210215
55.000000,3289419,210215
55.000000,3289860,210215
55.000000,3290301,210215
55.000000,3290742,210216
55.000000,3291183,210216
55.000000,3291624,210216
55.000000,3292065,210216
55.000000,3292506,210216
55.000000,3292947,210216
55.000000,3293388,210216
55.000000,3293829,210216
55.000000,3294270,210216
55.000000,3294711,210216
55.000000,3295152,210217
55.000000,3295593,210217
55.000000,3296034,210217
55.000000,3296475,210217
55.000000,3296916,210217
55.000000,3297357,210217
55.000000,3297798,210217
55.000000,3298239,210217
55.000000,3298680,210217
55.000000,3299121,210217
55.000000,3299562,210217
55.000000,3300003,210218
55.000000,3300444,210218
55.000000,3300885,210218
55.000000,3301326,210218
55.000000,3301767,210218
55.000000,3302208,210218
55.000000,3302649,210218
55.000000,3303090,210218
55.000000,3303531,210218
55.000000,3303972,210218
55.000000,3304413,210219
55.000000,3304854,210219
55.000000,3305295,210219
55.000000,3305736,210219
55.000000,3306177,210219
55.000000,3306618,210219
55.000000,3307059,210219
55.000000,3307500,210219
55.000000,3307941,210219
55.000000,3308382,210219
55.000000,3308823,210219
55.000000,3309264,210220
55.000000,3309705,210220
55.000000,3310146,210220
55.000000,3310587,210220
55.000000,3311028,210220
55.000000,3311469,210220
55.000000,3311910,210220
55.000000,3312351,210220
55.000000,3312792,210220
55.000000,3313233,210220
55.000000,3313674,210221
55.000000,3314115,210221
55.000000,3314556,210221
55.000000,3314997,210221
